"Genus","SRR8146935","SRR8146936","SRR8146937","SRR8146938","SRR8146939","SRR8146940"
"Alistipes",0.24924,0.03506,0.06199,0.12282,0.18119,0.11165
"Acetobacteroides",1e-05,0,0,1e-05,1e-05,0
"Bacteroides",0.10415,0.06042,0.12721,0.20934,0.07688,0.0487
"Phocaeicola",0.09335,0.04267,0.0488,0.05398,0.00906,0.01839
"Parabacteroides",0.0215,0.03706,0.01142,0.02262,0.0315,0.031
"Tannerella",3e-05,0,0,8e-05,2e-05,0
"Barnesiella",0.0132,0.00566,0.00429,0.01105,0.01041,0.00254
"Coprobacter",0.00021,0.00015,0.00041,0.00098,0.00022,2e-05
"Prevotella",0.0025,0.00071,0.00081,0.00303,0.00121,0.00032
"Segatella",0.00162,0.65339,0.00064,0.00369,0.11834,0.65083
"Hoylesella",0.00031,2e-05,8e-05,0.00031,3e-04,4e-05
"Paraprevotella",0.00017,9e-05,3e-04,0.00813,5e-05,0.00574
"Xylanibacter",1e-04,2e-05,4e-05,0.00017,1e-04,0
"Pseudoprevotella",3e-05,0,2e-05,7e-05,0,0
"Butyricimonas",0.00274,5e-05,0.00132,0.01321,0.006,0.00201
"Odoribacter",0.00218,7e-04,0.0034,0.01155,0.00271,0.00042
"Sodaliphilus",0.00087,7e-05,2e-05,0.00015,3e-05,1e-05
"Muribaculum",0.00033,0.00011,2e-05,0.00023,2e-05,3e-05
"Duncaniella",0.00027,6e-05,2e-05,0.00012,4e-05,1e-05
"Paramuribaculum",0.00014,0,1e-05,9e-05,1e-05,1e-05
"Porphyromonas",0.00011,7e-05,0.00027,0.00026,3e-05,5e-05
"Macellibacteroides",0,0,0,5e-05,0,0
"Proteiniphilum",3e-05,0,1e-05,3e-05,0,0
"Petrimonas",2e-05,0,1e-05,6e-05,4e-05,0
"Dysgonomonas",1e-05,0,1e-05,4e-05,0,0
"Limibacterium",0,0,0,2e-05,0,0
"Paludibacter",0,1e-05,0,1e-05,0,0
"Tenuifilum",0,0,0,0,0,0
"Mangrovibacterium",5e-05,0,1e-05,3e-05,0,0
"Aquipluma",1e-05,0,1e-05,1e-05,0,0
"Halosquirtibacter",1e-05,0,0,2e-05,0,0
"Draconibacterium",1e-05,0,1e-05,5e-05,0,0
"Maribellus",0,0,0,0,0,0
"Gaoshiqia",0,0,0,1e-05,0,0
"Marinifilum",1e-05,0,1e-05,2e-05,0,0
"Xiashengella",1e-05,0,1e-05,2e-05,0,0
"Hymenobacter",0.00024,2e-05,3e-05,0.00028,1e-04,3e-05
"Pontibacter",3e-05,0,1e-05,7e-05,0,1e-05
"Adhaeribacter",1e-05,0,0,2e-05,0,0
"Rufibacter",0,0,0,0,0,0
"Dyadobacter",1e-05,0,1e-05,7e-05,1e-05,0
"Runella",1e-05,0,0,1e-05,0,0
"Tellurirhabdus",1e-05,0,0,2e-05,0,0
"Larkinella",0,0,0,0,0,0
"Spirosoma",2e-05,0,1e-05,3e-05,2e-05,1e-05
"Cytophaga",0,0,0,0,0,0
"Algoriphagus",0,0,0,1e-05,0,0
"Aquiflexum",0,0,0,1e-05,0,0
"Echinicola",0,0,0,1e-05,0,0
"Emticicia",1e-05,0,0,0,0,0
"Jiulongibacter",0,0,0,0,0,0
"Flammeovirga",1e-05,0,1e-05,1e-05,0,0
"Rhodocytophaga",0,0,0,1e-05,0,0
"Ekhidna",0,0,0,1e-05,0,0
"Reichenbachiella",0,0,0,0,0,0
"Chryseolinea",0,0,0,0,0,0
"Roseivirga",0,0,0,0,0,0
"Marivirga",0,0,0,0,0,0
"Flavobacterium",7e-05,6e-05,6e-05,0.00017,4e-05,2e-05
"Capnocytophaga",2e-05,1e-05,1e-05,3e-05,1e-05,0
"Aquimarina",1e-05,0,0,1e-05,1e-05,0
"Rasiella",1e-05,0,0,1e-05,0,0
"Nonlabens",1e-05,0,1e-05,1e-05,0,0
"Flagellimonas",1e-05,0,1e-05,2e-05,1e-05,0
"Muriicola",1e-05,0,0,0,0,0
"Christiangramia",1e-05,0,1e-05,2e-05,0,0
"Aequorivita",1e-05,0,0,0,0,0
"Robiginitalea",0,0,0,1e-05,0,0
"Polaribacter",0,0,1e-05,2e-05,0,0
"Flavivirga",0,0,0,0,0,0
"Leeuwenhoekiella",0,0,0,1e-05,0,0
"Maribacter",0,0,0,3e-05,1e-05,0
"Myroides",0,0,1e-05,1e-05,0,0
"Gilvibacter",0,0,0,0,0,0
"Tenacibaculum",0,0,1e-05,1e-05,1e-05,0
"Mariniflexile",0,0,0,0,0,0
"Cellulophaga",0,0,0,1e-05,0,0
"Candidatus Arcticimaribacter",0,0,0,0,0,0
"Changchengzhania",0,0,0,0,0,0
"Winogradskyella",0,1e-05,0,1e-05,0,0
"Salegentibacter",0,0,0,0,0,0
"Olleya",0,0,0,0,0,0
"Amniculibacterium",0,0,0,1e-05,0,0
"Ornithobacterium",5e-05,0,0,5e-05,0,0
"Chryseobacterium",4e-05,1e-05,5e-05,9e-05,2e-05,1e-05
"Kaistella",1e-05,0,0,1e-05,0,0
"Epilithonimonas",0,0,0,1e-05,0,0
"Elizabethkingia",1e-05,0,1e-05,5e-05,0,0
"Cloacibacterium",0,0,0,0,0,0
"Weeksella",0,0,0,1e-05,0,0
"Riemerella",0,0,2e-05,1e-05,0,0
"Apibacter",0,0,0,0,0,0
"Cruoricaptor",0,0,0,0,0,0
"Blattabacterium",1e-05,0,1e-05,3e-05,1e-05,0
"Candidatus Karelsulcia",0,0,0,0,0,0
"Pedobacter",0.00011,1e-05,4e-05,1e-04,1e-05,0
"Mucilaginibacter",4e-05,0,2e-05,0.00012,3e-05,2e-05
"Sphingobacterium",2e-05,2e-05,2e-05,5e-05,2e-05,1e-05
"Chitinophaga",2e-05,1e-05,1e-05,5e-05,2e-05,0
"Niabella",1e-05,0,0,1e-05,0,0
"Lacibacter",1e-05,0,0,0,0,0
"Phnomibacter",1e-05,0,0,0,0,0
"Puia",0,0,0,0,0,0
"Pseudobacter",0,0,0,0,0,0
"Arachidicoccus",0,0,0,1e-05,1e-05,0
"Niastella",0,0,0,1e-05,0,0
"Mycovorax",0,0,0,0,0,0
"Pseudocnuella",0,0,0,0,0,0
"Flavihumibacter",0,0,0,1e-05,0,0
"Flavisolibacter",0,0,0,0,0,0
"Phaeodactylibacter",4e-05,0,1e-05,4e-05,0,0
"Aureispira",1e-05,0,0,1e-05,0,0
"Neolewinella",0,0,0,0,0,0
"Candidatus Sulfidibacterium",0,0,0,1e-05,1e-05,0
"Pelodictyon",1e-05,0,0,0,0,0
"Chlorobium",0,0,0,0,0,0
"Chlorobaculum",1e-05,0,0,1e-05,1e-05,0
"Prosthecochloris",1e-05,0,0,2e-05,0,0
"Chloroherpeton",0,0,0,0,0,0
"Rubrivirga",2e-05,0,0,0,1e-05,0
"Salinibacter",1e-05,0,0,1e-05,1e-05,0
"Rhodothermus",0,0,0,0,0,0
"Rhodocaloribacter",0,0,0,0,0,0
"Gracilimonas",0,0,0,1e-05,0,0
"Gemmatimonas",0,0,0,0,0,0
"Gemmatirosa",0,0,0,0,0,0
"Pseudogemmatithrix",0,0,0,0,0,0
"Candidatus Palauibacter",0,0,0,2e-05,0,0
"Fibrobacter",1e-05,0,0,1e-05,0,0
"Klebsiella",7e-05,5e-05,0.00075,0.00011,4e-05,4e-05
"Raoultella",0,0,0,1e-05,0,0
"Escherichia",3e-05,3e-05,1e-05,0.01251,0.00073,0.00131
"Enterobacter",3e-05,3e-05,0.00043,7e-05,2e-05,2e-05
"Citrobacter",3e-05,0,6e-04,7e-05,1e-05,1e-05
"Cronobacter",1e-05,1e-05,0,1e-05,1e-05,0
"Kosakonia",1e-05,1e-05,0,2e-05,0,0
"Siccibacter",1e-05,0,0,0,0,0
"Salmonella",0,1e-05,0,3e-05,2e-05,0
"Leclercia",0,0,0,1e-05,0,0
"Pseudescherichia",0,0,0,0,0,0
"Pseudocitrobacter",0,0,0,0,0,0
"Kluyvera",0,0,0,1e-05,0,0
"Lelliottia",0,0,0,0,0,0
"Pluralibacter",0,0,0,0,0,0
"Atlantibacter",0,2e-05,0,0,0,0
"Scandinavium",0,0,0,0,0,0
"Candidatus Blochmanniella",0,0,0,0,0,0
"Franconibacter",0,1e-05,0,0,0,0
"Buttiauxella",0,0,0,0,0,0
"Phytobacter",0,0,0,0,0,0
"Pantoea",9e-05,0,2e-05,5e-05,3e-05,1e-05
"Erwinia",1e-05,0,1e-05,2e-05,1e-05,1e-05
"Buchnera",1e-05,0,1e-05,1e-05,1e-05,0
"Duffyella",0,0,0,0,0,0
"Tatumella",0,0,0,0,0,0
"Mixta",0,0,0,0,0,0
"Serratia",3e-05,4e-05,1e-05,4e-05,5e-05,1e-05
"Rahnella",1e-05,0,0,1e-05,0,0
"Yersinia",0,0,0,1e-05,0,0
"Gibbsiella",0,0,0,0,0,0
"Nissabacter",0,0,0,0,0,0
"Rouxiella",0,0,0,0,0,0
"Proteus",1e-05,0,1e-05,3e-05,1e-05,0
"Xenorhabdus",1e-05,0,0,0,0,0
"Providencia",1e-05,0,0,1e-05,1e-05,0
"Morganella",0,0,0,1e-05,0,0
"Arsenophonus",0,0,0,0,0,0
"Dickeya",1e-05,1e-05,1e-05,1e-05,2e-05,1e-05
"Pectobacterium",1e-05,0,0,1e-05,1e-05,0
"Brenneria",0,0,0,0,1e-05,0
"Musicola",0,0,0,1e-05,0,0
"Lonsdalea",0,0,0,0,0,0
"Hafnia",1e-05,0,0,2e-05,0,0
"Edwardsiella",0,1e-05,0,1e-05,0,0
"Sodalis",0,0,0,1e-05,1e-05,0
"Leminorella",0,0,0,0,0,0
"Gallaecimonas",0,0,0,2e-05,0,0
"Pseudomonas",0.00026,0.00012,1e-04,0.00046,0.00029,0.00014
"Stutzerimonas",1e-05,0,0,3e-05,1e-05,0
"Halopseudomonas",1e-05,1e-05,1e-05,1e-05,1e-05,1e-05
"Metapseudomonas",0,0,0,1e-05,1e-05,0
"Ectopseudomonas",0,0,0,1e-05,0,1e-05
"Entomomonas",0,0,0,0,0,0
"Aquipseudomonas",0,0,0,0,0,0
"Azotobacter",0,1e-05,0,0,0,0
"Geopseudomonas",0,0,0,0,0,0
"Marinobacter",3e-05,0,2e-05,4e-05,2e-05,1e-05
"Candidatus Njordibacter",0,0,0,0,0,0
"Xanthomonas",0.00019,0.00018,0.00025,0.00028,0.00015,0.00011
"Stenotrophomonas",4e-05,1e-05,1e-05,5e-05,3e-05,1e-05
"Pseudoxanthomonas",3e-05,0,1e-05,7e-05,1e-05,1e-05
"Lysobacter",3e-05,3e-05,1e-05,3e-05,3e-05,1e-05
"Luteimonas",1e-05,1e-05,0,1e-05,1e-05,0
"Thermomonas",0,0,0,0,1e-05,0
"Pseudoluteimonas",0,0,0,0,0,0
"Dyella",2e-05,0,1e-05,2e-05,2e-05,1e-05
"Aerosticca",1e-05,0,0,1e-05,0,0
"Rhodanobacter",0,0,0,1e-05,1e-05,0
"Luteibacter",0,0,0,2e-05,1e-05,1e-05
"Frateuria",0,1e-05,0,0,0,0
"Tahibacter",0,0,0,0,0,0
"Halomonas",5e-05,2e-05,1e-05,6e-05,4e-05,2e-05
"Vreelandella",1e-05,0,0,1e-05,1e-05,0
"Kushneria",1e-05,0,0,1e-05,0,0
"Salinicola",0,0,0,1e-05,1e-05,0
"Billgrantia",0,0,0,0,0,0
"Cobetia",0,0,0,1e-05,1e-05,0
"Pistricoccus",0,0,0,0,0,0
"Chromohalobacter",0,0,0,0,0,0
"Halotalea",0,0,0,0,0,0
"Marinomonas",0,0,0,2e-05,0,0
"Thalassolituus",0,0,0,0,0,0
"Aliamphritea",0,0,0,0,0,0
"Marinobacterium",0,0,0,1e-05,1e-05,0
"Neptuniibacter",0,0,0,0,0,0
"Neptunomonas",0,0,0,0,0,0
"Amphritea",0,0,0,1e-05,0,0
"Motiliproteus",0,0,0,0,0,0
"Alcanivorax",1e-05,0,0,1e-05,0,0
"Alloalcanivorax",0,0,0,1e-05,0,0
"Endozoicomonas",1e-05,0,0,1e-05,0,0
"Pokkaliibacter",1e-05,0,0,0,0,0
"Allohahella",0,0,0,0,0,0
"Oleiphilus",0,0,0,0,0,0
"Haemophilus",9e-05,2e-05,0.00072,0.00021,1e-05,0.00031
"Gallibacterium",0,0,0,1e-05,1e-05,0
"Aggregatibacter",0,0,1e-05,1e-05,0,0
"Mannheimia",0,0,0,0,0,0
"Pasteurella",0,0,0,0,0,0
"Actinobacillus",0,0,0,0,0,0
"Rodentibacter",0,0,0,0,0,0
"Avibacterium",0,0,0,0,0,0
"Aeromonas",5e-05,1e-05,2e-05,1e-04,4e-05,2e-05
"Oceanimonas",1e-05,0,0,1e-05,0,0
"Zobellella",0,0,0,0,0,0
"Oceanisphaera",0,0,0,0,0,0
"Pseudaeromonas",0,0,0,0,1e-05,0
"Succinivibrio",0,0,0,0,0.00053,0
"Shewanella",2e-05,0,2e-05,4e-05,6e-05,1e-05
"Pseudoalteromonas",1e-05,1e-05,1e-05,2e-05,1e-05,0
"Alteromonas",1e-05,0,0,1e-05,1e-05,0
"Salinimonas",0,0,0,0,0,0
"Agarivorans",0,0,0,0,0,0
"Catenovulum",0,0,0,0,0,0
"Thalassomonas",0,0,0,0,0,0
"Thalassotalea",0,0,0,0,0,1e-05
"Colwellia",0,0,0,1e-05,0,0
"Idiomarina",1e-05,0,0,1e-05,0,0
"Ferrimonas",1e-05,0,0,0,0,0
"Psychromonas",0,0,0,0,0,0
"Thioalkalivibrio",3e-05,0,0,1e-05,1e-05,0
"Ectothiorhodospira",0,0,0,1e-05,0,0
"Alkalilimnicola",0,0,0,0,0,0
"Spiribacter",0,0,1e-05,0,0,0
"Acidihalobacter",0,2e-05,0,0,0,0
"Aquisalimonas",0,0,0,0,0,0
"Thioflavicoccus",1e-05,0,0,0,0,0
"Rheinheimera",0,0,0,0,0,0
"Thiocapsa",0,0,0,0,0,0
"Allochromatium",0,0,0,0,0,0
"Thiorhodovibrio",0,0,0,0,0,0
"Thiosocius",0,0,0,0,0,0
"Magnetovirga",0,0,0,0,0,0
"Sedimenticola",0,0,0,0,0,0
"Candidatus Thiodiazotropha",0,0,0,0,0,0
"Wenzhouxiangella",0,0,0,0,0,0
"Halothiobacillus",0,1e-05,0,0,0,0
"Sulfuriflexus",0,0,0,0,0,0
"Guyparkeria",0,0,0,1e-05,0,0
"Vibrio",3e-05,4e-05,3e-05,9e-05,6e-05,3e-05
"Photobacterium",1e-05,0,1e-05,1e-05,1e-05,0
"Salinivibrio",0,0,0,0,0,0
"Parasalinivibrio",0,0,0,0,0,0
"Aliivibrio",0,0,0,0,0,0
"Enterovibrio",0,0,0,0,0,0
"Grimontia",0,0,0,0,0,0
"Acinetobacter",3e-05,2e-05,2e-05,4e-05,4e-05,2e-05
"Psychrobacter",1e-05,3e-05,0,1e-05,1e-05,0
"Faucicola",1e-05,0,0,0,0,0
"Moraxella",0,0,0,2e-05,1e-05,0
"Microbulbifer",1e-05,2e-05,1e-05,2e-05,2e-05,1e-05
"Cellvibrio",1e-05,0,0,1e-05,0,0
"Teredinibacter",0,0,0,1e-05,0,0
"Simiduia",0,0,0,0,0,0
"Kineobactrum",0,0,0,0,0,0
"Congregibacter",0,0,0,0,0,0
"Halioglobus",0,0,0,0,0,0
"Spongiibacter",0,0,0,0,0,0
"Methylomonas",1e-05,0,0,2e-05,2e-05,0
"Methylocaldum",0,0,0,0,0,0
"Methylococcus",0,0,0,1e-05,1e-05,0
"Methylobacter",0,0,0,0,0,0
"Methylomicrobium",0,1e-05,0,0,0,0
"Methylogaea",0,0,0,0,0,0
"Candidatus Methylocalor",0,0,0,0,0,0
"Methylomarinovum",0,0,0,1e-05,0,0
"Allofrancisella",1e-05,0,0,0,0,0
"Francisella",0,0,0,1e-05,0,0
"Thiomicrorhabdus",0,0,0,1e-05,0,0
"Methylophaga",0,0,0,0,0,0
"Thiomicrospira",0,0,0,0,0,0
"Thiothrix",0,0,0,1e-05,1e-05,0
"Cardiobacterium",1e-05,1e-05,0,1e-05,0,0
"Wohlfahrtiimonas",0,0,0,0,0,0
"Legionella",1e-05,0,1e-05,2e-05,1e-05,0
"Acidiferrobacter",1e-05,0,0,0,0,0
"Solimonas",0,0,0,0,0,0
"Nevskia",0,0,0,0,0,0
"Hydrocarboniphaga",0,0,0,0,0,0
"Thiohalobacter",1e-05,0,0,1e-05,1e-05,0
"Immundisolibacter",0,0,0,1e-05,0,0
"Gilliamella",0,0,0,0,0,0
"Utexia",0,0,0,0,0,0
"Candidatus Vondammii",0,0,0,0,0,0
"Salinisphaera",0,0,0,0,0,0
"Kangiella",0,0,0,0,0,0
"Sulfurivermis",0,0,0,0,0,0
"Bradyrhizobium",0.00019,5e-05,4e-05,0.00016,9e-05,5e-05
"Rhodopseudomonas",1e-05,1e-05,0,2e-05,3e-05,0
"Tardiphaga",1e-05,0,0,1e-05,0,0
"Nitrobacter",0,0,0,0,0,0
"Afipia",0,0,0,0,0,0
"Rugositalea",0,0,0,0,0,0
"Rhizobium",5e-05,1e-05,1e-05,0.00011,7e-05,1e-05
"Agrobacterium",3e-05,1e-05,1e-05,4e-05,2e-05,1e-05
"Neorhizobium",0,0,0,1e-05,1e-05,1e-05
"Allorhizobium",0,0,0,0,0,0
"Pararhizobium",0,0,0,1e-05,1e-05,0
"Ensifer",2e-05,0,0,2e-05,0,0
"Sinorhizobium",2e-05,1e-05,1e-05,2e-05,3e-05,1e-05
"Shinella",2e-05,0,0,2e-05,3e-05,1e-05
"Ciceribacter",1e-05,0,0,1e-05,0,0
"Peteryoungia",0,0,0,0,0,0
"Hoeflea",0,0,0,1e-05,0,0
"Terrirhizobium",0,0,0,0,0,0
"Georhizobium",0,0,0,0,0,0
"Mesorhizobium",4e-05,3e-05,1e-05,7e-05,8e-05,4e-05
"Aminobacter",1e-05,0,1e-05,1e-05,1e-05,1e-05
"Phyllobacterium",1e-05,0,0,1e-05,0,0
"Nitratireductor",1e-05,0,0,1e-05,1e-05,1e-05
"Devosia",5e-05,1e-05,1e-05,5e-05,3e-05,1e-05
"Pelagibacterium",0,0,0,1e-05,0,0
"Paradevosia",0,2e-05,0,0,0,0
"Mariluticola",0,0,0,0,0,0
"Methylobacterium",2e-05,2e-05,1e-05,4e-05,3e-05,1e-05
"Microvirga",1e-05,1e-05,0,1e-05,1e-05,0
"Methylorubrum",0,1e-05,0,1e-05,1e-05,1e-05
"Roseibium",2e-05,1e-05,1e-05,2e-05,4e-05,1e-05
"Stappia",0,0,0,1e-05,1e-05,0
"Pannonibacter",0,0,0,0,0,0
"Breoghania",0,0,0,0,1e-05,0
"Aureimonas",2e-05,2e-05,0,1e-05,1e-05,1e-05
"Martelella",1e-05,0,0,1e-05,1e-05,0
"Aurantimonas",0,0,0,0,0,0
"Bosea",2e-05,2e-05,0,2e-05,2e-05,1e-05
"Ancylobacter",1e-05,0,0,1e-05,1e-05,0
"Labrys",0,0,0,0,1e-05,0
"Xanthobacter",0,0,0,0,0,0
"Aquabacter",0,0,0,0,0,0
"Azorhizobium",0,0,0,0,0,0
"Starkeya",0,0,0,0,0,0
"Hyphomicrobium",1e-05,0,0,1e-05,2e-05,0
"Rhodomicrobium",0,0,0,0,0,0
"Methyloceanibacter",0,0,0,0,0,0
"Methyloligella",0,0,0,0,0,0
"Kaistia",1e-05,0,0,0,0,0
"Bauldia",0,0,0,0,0,0
"Methylosinus",1e-05,0,0,1e-05,0,0
"Methylocystis",1e-05,2e-05,0,2e-05,2e-05,0
"Cohaesibacter",1e-05,0,0,1e-05,0,0
"Brucella",0,0,0,1e-05,1e-05,0
"Pseudochrobactrum",0,0,0,0,0,0
"Oricola",0,0,0,1e-05,1e-05,0
"Oceaniradius",0,0,0,0,0,0
"Bartonella",1e-05,0,0,1e-05,0,0
"Parvibaculum",0,0,0,0,0,0
"Pyruvatibacter",0,0,0,0,0,0
"Kaustia",0,0,0,0,1e-05,0
"Tepidicaulis",0,0,0,0,0,0
"Anderseniella",0,0,0,0,0,0
"Pseudorhodoplanes",0,0,0,0,0,0
"Nordella",0,0,0,0,0,0
"Phreatobacter",0,0,0,0,0,0
"Acuticoccus",0,0,0,1e-05,3e-05,0
"Lichenihabitans",0,0,0,1e-05,0,0
"Terrirubrum",0,0,0,0,0,0
"Chelatococcus",0,0,0,1e-05,1e-05,0
"Alsobacter",0,0,0,0,0,0
"Salaquimonas",0,0,0,1e-05,0,0
"Reyranella",0,0,0,0,0,0
"Pleomorphomonas",0,0,0,0,1e-05,0
"Methylocella",0,0,0,0,1e-05,0
"Rhodoligotrophos",0,0,0,0,0,0
"Methyloraptor",0,1e-05,0,0,0,0
"Leisingera",2e-05,0,0,3e-05,1e-05,0
"Roseovarius",1e-05,0,0,2e-05,1e-05,0
"Thalassovita",1e-05,0,0,0,0,0
"Sulfitobacter",1e-05,0,1e-05,4e-05,2e-05,1e-05
"Phaeobacter",1e-05,0,0,0,1e-05,0
"Tateyamaria",1e-05,0,0,0,0,0
"Celeribacter",1e-05,0,0,1e-05,1e-05,0
"Sagittula",0,0,0,1e-05,1e-05,0
"Ketogulonicigenium",0,0,0,0,2e-05,0
"Alloyangia",0,0,0,1e-05,1e-05,0
"Jannaschia",0,0,0,0,0,0
"Ruegeria",0,0,0,0,1e-05,0
"Roseicyclus",0,0,0,0,0,0
"Pseudosulfitobacter",0,0,0,1e-05,0,0
"Thalassobacter",0,0,0,0,0,0
"Salipiger",0,0,0,1e-05,0,0
"Roseobacter",0,0,0,0,0,0
"Marivita",0,0,0,0,0,0
"Marinovum",0,0,0,0,0,0
"Shimia",0,0,0,0,0,0
"Octadecabacter",0,0,0,0,1e-05,0
"Seohaeicola",0,0,0,0,0,0
"Antarctobacter",0,0,0,0,0,0
"Tropicibacter",0,0,0,0,0,0
"Roseivivax",0,0,0,0,1e-05,0
"Oceanicola",0,0,0,0,0,0
"Paracoccus",3e-05,3e-05,1e-05,5e-05,4e-05,3e-05
"Tabrizicola",1e-05,1e-05,0,0,0,0
"Thioclava",1e-05,0,0,1e-05,0,0
"Roseinatronobacter",1e-05,0,0,0,0,0
"Rhodovulum",0,0,0,0,1e-05,0
"Pseudooceanicola",0,0,0,1e-05,0,0
"Pseudorhodobacter",0,0,0,0,0,0
"Limimaricola",0,0,0,1e-05,0,0
"Tritonibacter",0,0,0,0,0,0
"Frigidibacter",0,2e-05,0,0,0,0
"Aliiroseovarius",0,0,0,0,0,0
"Parasedimentitalea",0,0,0,0,0,0
"Yoonia",0,0,0,1e-05,1e-05,0
"Profundibacter",0,0,0,0,0,0
"Pseudopelagicola",0,0,0,0,0,0
"Cereibacter",0,1e-05,0,0,0,0
"Polymorphum",0,0,0,0,0,0
"Pikeienuella",0,0,0,0,0,0
"Gymnodinialimonas",0,0,0,0,0,0
"Cognatishimia",0,0,0,0,0,0
"Vannielia",0,0,0,0,0,0
"Marivivens",0,0,0,0,0,0
"Fuscovulum",0,0,0,0,0,1e-05
"Pontivivens",0,0,0,0,1e-05,0
"Amylibacter",0,0,0,0,0,0
"Pelagovum",0,0,0,0,0,0
"Amaricoccus",0,0,0,0,0,0
"Rhodobacter",0,0,0,0,1e-05,0
"Sphingomonas",7e-05,3e-05,3e-05,1e-04,6e-05,3e-05
"Novosphingobium",1e-05,1e-05,1e-05,3e-05,2e-05,1e-05
"Parablastomonas",0,0,0,0,0,0
"Hankyongella",0,0,0,0,0,0
"Alterisphingorhabdus (ex Yan et al. 2024)",0,0,0,0,0,0
"Citromicrobium",0,0,0,1e-05,0,0
"Tardibacter",0,0,0,0,0,0
"Altererythrobacter",4e-05,0,0,3e-05,0,0
"Qipengyuania",1e-05,0,0,1e-05,4e-05,0
"Erythrobacter",0,0,0,3e-05,1e-05,0
"Porphyrobacter",0,0,0,0,0,0
"Croceibacterium",0,0,0,0,0,0
"Croceicoccus",0,0,0,0,0,0
"Tsuneonella",0,0,0,1e-05,0,0
"Aurantiacibacter",0,0,0,1e-05,0,0
"Caenibius",0,0,0,0,0,0
"Sphingopyxis",2e-05,0,0,2e-05,2e-05,1e-05
"Sphingobium",1e-05,3e-05,1e-05,3e-05,2e-05,1e-05
"Novosphingopyxis",1e-05,0,0,1e-05,0,0
"Sphingorhabdus",0,0,0,0,0,0
"Parasphingorhabdus",0,0,0,1e-05,0,0
"Sphingosinicella",0,0,0,0,0,0
"Sandaracinobacteroides",0,0,0,0,0,0
"Glacieibacterium",0,0,0,0,0,0
"Sphingomicrobium",0,1e-05,0,0,0,0
"Blastomonas",0,0,0,0,0,0
"Zymomonas",0,0,0,0,0,0
"Komagataeibacter",1e-05,0,2e-05,2e-05,1e-05,0
"Acetobacter",1e-05,0,0,1e-05,1e-05,0
"Gluconobacter",0,0,0,0,0,0
"Parasaccharibacter",0,0,0,0,0,0
"Rhodovastum",0,0,0,0,0,0
"Novacetimonas",0,0,0,0,0,0
"Asaia",0,0,0,0,0,0
"Lichenicola",0,0,0,0,0,0
"Gluconacetobacter",0,0,0,0,0,0
"Nguyenibacter",0,0,0,0,0,0
"Commensalibacter",0,0,0,0,0,0
"Lichenicoccus",0,0,0,0,0,0
"Roseomonas",2e-05,0,0,3e-05,1e-05,1e-05
"Sediminicoccus",0,0,0,0,1e-05,0
"Humitalea",0,0,0,0,0,0
"Muricoccus",0,0,0,1e-05,1e-05,0
"Dankookia",0,0,0,0,0,0
"Acidocella",1e-05,0,0,1e-05,0,0
"Elioraea",0,0,0,0,1e-05,0
"Azospirillum",2e-05,3e-05,1e-05,4e-05,2e-05,2e-05
"Skermanella",0,0,0,1e-05,1e-05,0
"Niveispirillum",0,0,0,0,0,0
"Indioceanicola",0,0,0,0,0,0
"Thalassospira",1e-05,1e-05,0,1e-05,1e-05,0
"Magnetospira",0,0,0,1e-05,1e-05,0
"Magnetospirillum",0,0,0,1e-05,1e-05,1e-05
"Rhodospirillum",0,0,0,0,0,0
"Pararhodospirillum",0,0,0,0,0,0
"Aerophototrophica",0,0,0,0,0,0
"Ferrovibrio",0,0,0,1e-05,2e-05,0
"Hypericibacter",1e-05,0,0,0,0,0
"Pelagibius",0,0,0,1e-05,0,0
"Algihabitans",0,0,0,1e-05,0,0
"Nisaea",0,0,0,1e-05,0,0
"Thalassobaculum",0,0,0,1e-05,0,0
"Aestuariispira",0,0,0,0,0,0
"Caenispirillum",0,0,0,0,0,0
"Varunaivibrio",0,0,0,0,0,0
"Stella",0,0,0,0,0,0
"Brevundimonas",2e-05,3e-05,1e-05,2e-05,3e-05,2e-05
"Caulobacter",1e-05,0,1e-05,2e-05,1e-05,1e-05
"Phenylobacterium",0,0,0,1e-05,0,0
"Asticcacaulis",0,0,0,1e-05,1e-05,1e-05
"Wolbachia",0,0,1e-05,1e-05,1e-05,0
"Candidatus Mesenet",0,0,0,0,0,0
"Ehrlichia",0,0,0,0,0,0
"Rickettsia",1e-05,0,0,1e-05,1e-05,0
"Oceanicaulis",0,0,0,0,1e-05,0
"Glycocaulis",0,0,0,0,0,0
"Maricaulis",0,0,0,0,0,0
"Hyphobacterium",0,0,0,0,1e-05,0
"Marinicauda",0,0,0,0,0,0
"Litorimonas",0,0,0,0,0,0
"Algimonas",0,0,0,0,0,0
"Luteithermobacter",0,0,0,1e-05,0,0
"Emcibacter",0,0,0,0,0,0
"Pseudemcibacter",0,0,0,0,0,0
"Tistrella",1e-05,0,0,2e-05,1e-05,1e-05
"Hyphococcus",0,0,0,0,0,0
"Aquisalinus",0,0,0,0,0,0
"Parvularcula",0,0,0,0,0,1e-05
"Hyphomonas",0,0,0,1e-05,1e-05,0
"Candidatus Bealeia",0,0,0,0,0,0
"Minwuia",0,0,0,0,0,0
"Sneathiella",0,0,0,0,0,0
"Candidatus Pelagibacter",0,0,0,0,0,0
"Radicibacter",0,0,0,0,0,0
"Oxalobacter",0.00035,0,0,0.00011,0.00797,9e-05
"Massilia",3e-05,6e-05,1e-05,5e-05,2e-05,1e-05
"Pseudoduganella",1e-05,1e-05,0,2e-05,2e-05,1e-05
"Duganella",0,0,0,0,1e-05,0
"Telluria",0,0,0,0,2e-05,0
"Collimonas",1e-05,0,0,0,3e-05,0
"Herbaspirillum",1e-05,3e-05,1e-05,3e-05,1e-05,1e-05
"Janthinobacterium",0,2e-05,0,1e-05,1e-05,0
"Noviherbaspirillum",0,0,0,0,1e-05,0
"Undibacterium",0,0,0,0,1e-05,0
"Burkholderia",5e-05,4e-05,3e-05,0.00011,7e-05,4e-05
"Cupriavidus",4e-05,8e-05,2e-05,8e-05,4e-05,3e-05
"Paraburkholderia",3e-05,7e-05,1e-05,5e-05,5e-05,2e-05
"Ralstonia",2e-05,4e-05,0,2e-05,2e-05,1e-05
"Polynucleobacter",1e-05,1e-05,1e-05,2e-05,2e-05,1e-05
"Caballeronia",1e-05,1e-05,0,2e-05,1e-05,1e-05
"Pandoraea",1e-05,2e-05,0,2e-05,1e-05,1e-05
"Limnobacter",0,1e-05,0,1e-05,0,0
"Mycetohabitans",0,0,0,0,0,0
"Mycoavidus",0,0,0,0,0,0
"Robbsia",0,0,0,0,0,0
"Imbroritus",0,2e-05,0,0,0,0
"Candidatus Vallotiella",0,0,0,0,0,0
"Trinickia",0,0,0,0,0,0
"Comamonas",4e-05,1e-05,1e-05,4e-05,3e-05,2e-05
"Variovorax",3e-05,4e-05,4e-05,8e-05,4e-05,2e-05
"Acidovorax",2e-05,2e-05,0,4e-05,2e-05,1e-05
"Hydrogenophaga",1e-05,1e-05,1e-05,3e-05,2e-05,1e-05
"Rhodoferax",1e-05,4e-05,0,1e-05,1e-05,1e-05
"Paracidovorax",1e-05,0,0,1e-05,0,0
"Alicycliphilus",1e-05,2e-05,0,1e-05,0,0
"Diaphorobacter",1e-05,1e-05,0,1e-05,0,0
"Ramlibacter",1e-05,0,0,1e-05,1e-05,0
"Polaromonas",0,0,0,1e-05,1e-05,1e-05
"Ottowia",0,1e-05,0,1e-05,1e-05,0
"Limnohabitans",0,0,0,2e-05,1e-05,0
"Delftia",0,0,0,1e-05,1e-05,1e-05
"Paenacidovorax",0,0,0,0,0,0
"Hylemonella",0,0,0,1e-05,0,0
"Candidatus Symbiobacter",0,0,0,0,0,0
"Vandammella",0,0,0,0,1e-05,0
"Brachymonas",0,0,0,0,0,0
"Simplicispira",0,0,0,0,0,1e-05
"Pulveribacter",0,0,0,0,0,0
"Melaminivora",0,0,0,0,0,0
"Turicimonas",6e-05,2e-05,1e-05,5e-05,1e-05,3e-05
"Sutterella",5e-05,0.07119,1e-05,4e-05,0.05467,9e-05
"Duodenibacillus",1e-05,0.00028,0,1e-05,0.00153,1e-04
"Achromobacter",2e-05,7e-05,1e-05,3e-05,3e-05,2e-05
"Alcaligenes",2e-05,0,0,2e-05,1e-05,0
"Bordetella",1e-05,1e-05,0,5e-05,2e-05,1e-05
"Castellaniella",1e-05,0,0,0,0,0
"Pigmentiphaga",0,1e-05,0,0,1e-05,1e-05
"Kerstersia",0,0,0,0,0,0
"Paralcaligenes",0,0,0,0,0,0
"Orrella",0,0,0,1e-05,0,0
"Advenella",0,0,0,0,0,1e-05
"Roseateles",2e-05,3e-05,0,3e-05,2e-05,1e-05
"Sphaerotilus",1e-05,0,0,1e-05,1e-05,0
"Caldimonas",0,3e-05,0,0,1e-05,0
"Piscinibacter",0,2e-05,0,1e-05,0,0
"Methylibium",0,0,0,1e-05,1e-05,0
"Rubrivivax",0,1e-05,0,0,0,0
"Inhella",0,0,0,0,0,0
"Tepidimonas",1e-05,0,0,0,1e-05,0
"Xylophilus",0,1e-05,0,0,1e-05,0
"Aquabacterium",0,2e-05,0,0,0,0
"Rhizobacter",0,0,0,0,0,0
"Thiomonas",0,0,0,0,0,1e-05
"Neisseria",4e-05,1e-05,1e-05,6e-05,3e-05,2e-05
"Eikenella",0,0,0,0,0,0
"Uruburuella",0,1e-05,0,0,0,0
"Conchiformibius",0,0,0,0,0,0
"Aquella",0,0,0,0,0,0
"Kingella",0,0,1e-05,0,0,0
"Bergeriella",0,0,0,0,0,0
"Vitreoscilla",0,0,0,0,0,0
"Snodgrassella",0,0,0,0,1e-05,0
"Paralysiella",0,0,0,0,0,0
"Paludibacterium",1e-05,0,0,3e-05,1e-05,1e-05
"Chromobacterium",1e-05,2e-05,0,2e-05,2e-05,1e-05
"Vogesella",0,0,0,1e-05,1e-05,0
"Aquitalea",0,2e-05,0,1e-05,0,0
"Chitiniphilus",0,2e-05,0,1e-05,1e-05,0
"Chitinibacter",0,1e-05,0,1e-05,0,0
"Silvimonas",0,0,0,0,0,0
"Chitinimonas",0,1e-05,0,0,1e-05,0
"Iodobacter",0,0,0,0,0,0
"Laribacter",0,0,0,0,0,0
"Aquaspirillum",0,0,0,1e-05,0,0
"Azoarcus",1e-05,0,0,1e-05,0,0
"Thauera",1e-05,1e-05,0,1e-05,2e-05,1e-05
"Parazoarcus",0,0,0,0,0,0
"Pseudazoarcus",0,0,0,0,1e-05,0
"Nitrogeniibacter",0,0,0,0,1e-05,1e-05
"Dechloromonas",1e-05,3e-05,0,1e-05,1e-05,0
"Azonexus",0,1e-05,0,0,0,0
"Quatrionicoccus",0,0,0,0,0,0
"Ferribacterium",0,0,0,0,0,0
"Azospira",1e-05,0,0,1e-05,1e-05,0
"Aromatoleum",0,0,0,0,1e-05,1e-05
"Niveibacterium",0,4e-05,0,0,1e-05,1e-05
"Fluviibacter",0,0,0,0,0,0
"Thiobacillus",1e-05,0,0,0,1e-05,0
"Sulfuritortus",0,0,0,0,0,0
"Sulfuriferula",0,0,0,0,0,0
"Sulfurimicrobium",0,0,0,0,0,0
"Sulfuricella",0,0,0,0,0,0
"Methylovorus",0,0,0,0,0,0
"Methylophilus",0,0,0,1e-05,0,0
"Methylobacillus",0,0,0,0,0,0
"Usitatibacter",0,0,0,1e-05,0,0
"Candidatus Nitrotoga",0,0,0,0,0,0
"Sideroxydans",0,0,0,0,0,0
"Ferriphaselus",0,0,0,0,0,0
"Methyloversatilis",0,0,0,1e-05,0,0
"Sulfuricystis",0,0,0,0,1e-05,0
"Nitrosomonas",0,0,0,2e-05,1e-05,0
"Nitrosospira",0,1e-05,0,0,0,0
"Candidatus Accumulibacter",0,0,0,0,1e-05,0
"Casimicrobium",0,0,0,0,0,0
"Chitinivorax",0,0,0,0,0,0
"Acidithiobacillus",1e-05,3e-05,1e-05,1e-05,1e-05,1e-05
"Thermithiobacillus",0,0,0,0,0,0
"Mariprofundus",0,0,0,0,0,0
"Bilophila",0.00132,0,0.00117,0.00918,0.00298,0.00013
"Desulfovibrio",0.00028,1e-05,3e-05,0.00045,0.01579,6e-05
"Mailhella",5e-05,0,1e-05,7e-05,1e-05,0.00036
"Pseudodesulfovibrio",4e-05,2e-05,1e-05,8e-05,6e-05,1e-05
"Nitratidesulfovibrio",3e-05,0,0,2e-05,1e-05,1e-05
"Maridesulfovibrio",3e-05,0,0,3e-05,2e-05,0
"Solidesulfovibrio",1e-05,0,0,1e-05,1e-05,1e-05
"Megalodesulfovibrio",1e-05,0,0,0,0,0
"Desulfolutivibrio",1e-05,0,0,2e-05,1e-05,0
"Taurinivorans",1e-05,0,0,0,0,0
"Salidesulfovibrio",0,0,0,1e-05,0,0
"Oleidesulfovibrio",0,0,0,0,0,0
"Halodesulfovibrio",0,0,0,0,0,0
"Oceanidesulfovibrio",0,0,0,2e-05,1e-05,0
"Desulfocurvibacter",0,0,0,0,0,0
"Desulfobaculum",0,0,0,0,0,0
"Lawsonia",0,0,0,0,0,1e-05
"Desulfomicrobium",1e-05,0,0,1e-05,1e-05,0
"Thermodesulfomicrobium",0,0,0,0,0,0
"Desulfohalobium",0,0,0,0,0,0
"Geobacter",1e-05,0,0,2e-05,1e-05,1e-05
"Geomonas",1e-05,0,0,2e-05,1e-05,0
"Citrifermentans",0,0,0,1e-05,0,0
"Geotalea",0,1e-05,0,1e-05,1e-05,0
"Trichlorobacter",0,0,0,1e-05,0,0
"Desulfuromonas",1e-05,1e-05,1e-05,2e-05,2e-05,0
"Pelobacter",0,0,0,1e-05,0,0
"Syntrophotalea",1e-05,0,0,1e-05,0,0
"Geoalkalibacter",0,0,0,0,0,0
"Desulfosarcina",1e-05,0,0,2e-05,4e-05,0
"Desulfobacter",0,0,0,1e-05,0,0
"Desulfonema",0,0,0,1e-05,0,0
"Desulfococcus",0,0,0,0,0,0
"Desulfatibacillum",0,0,0,0,0,0
"Desulfoluna",0,0,0,0,0,0
"Desulfobulbus",1e-05,0,0,1e-05,0,0
"Desulfurivibrio",1e-05,0,0,0,1e-05,0
"Desulfosediminicola",0,0,0,0,0,0
"Desulfarculus",1e-05,0,0,1e-05,2e-05,0
"Desulfoferula",0,0,0,0,0,0
"Desulfoglaeba",0,0,0,0,0,0
"Syntrophobacter",0,0,0,0,0,0
"Desulfomonile",0,0,0,2e-05,0,0
"Syntrophus",0,0,0,1e-05,0,0
"Akkermansia",0.00093,0.00168,0.03279,0.02841,0.0025,0.00055
"Luteolibacter",1e-05,0,0,2e-05,2e-05,1e-05
"Verrucomicrobium",0,0,0,1e-05,0,0
"Roseimicrobium",0,0,0,0,0,0
"Haloferula",0,0,0,0,0,0
"Synoicihabitans",1e-05,0,0,0,0,0
"Opitutus",0,0,0,0,1e-05,0
"Oleiharenicola",0,0,0,1e-05,0,0
"Actomonas",0,0,0,1e-05,1e-05,0
"Termitidicoccus",0,0,0,1e-05,1e-05,0
"Nibricoccus",0,0,0,1e-05,0,0
"Congregicoccus",0,0,0,1e-05,0,0
"Coraliomargarita",0,0,0,2e-05,0,0
"Ruficoccus",0,0,0,1e-05,0,0
"Methylacidiphilum (ex Ratnadevi et al. 2023)",1e-05,0,0,1e-05,0,0
"Methylacidimicrobium",0,0,0,0,0,0
"Pirellula",1e-05,0,0,0,0,0
"Stieleria",0,0,0,0,0,0
"Lignipirellula",0,0,0,1e-05,0,0
"Novipirellula",0,0,0,0,0,0
"Bremerella",0,0,0,0,0,0
"Bythopirellula",0,0,0,0,0,0
"Pirellulimonas",0,0,0,0,0,0
"Lacipirellula",0,0,0,1e-05,0,0
"Botrimarina",0,0,0,0,0,0
"Gimesia",1e-05,0,0,2e-05,1e-05,0
"Planctomicrobium",1e-05,0,0,1e-05,0,0
"Planctomyces",0,0,0,1e-05,0,0
"Calycomorphotria",0,0,0,1e-05,0,0
"Alienimonas",0,0,0,0,0,0
"Crateriforma",0,0,0,0,0,0
"Thalassoglobus",0,0,0,0,0,0
"Singulisphaera",1e-05,0,0,1e-05,1e-05,0
"Aquisphaera",0,0,0,1e-05,1e-05,0
"Paludisphaera",0,0,0,0,0,0
"Tundrisphaera",0,0,0,0,0,0
"Gemmata",1e-05,0,0,1e-05,1e-05,0
"Frigoriglobus",0,0,0,0,0,0
"Urbifossiella",0,0,0,0,0,0
"Limnoglobus",0,0,0,0,0,0
"Saltatorellus",1e-05,0,0,1e-05,0,0
"Rohdeia",0,0,0,0,0,0
"Engelhardtia",0,0,0,1e-05,0,0
"Fontivita",1e-05,0,0,0,0,0
"Phycisphaera",0,0,0,0,0,0
"Mucisphaera",0,0,0,0,1e-05,0
"Chlamydia",1e-05,1e-05,1e-05,1e-05,0,0
"Neochlamydia",0,0,0,0,0,0
"Tichowtungia",0,0,0,1e-05,0,0
"Kiritimatiella",0,0,0,1e-05,1e-05,0
"Lentisphaera",0,0,0,2e-05,0,0
"Treponema",9e-05,0,9e-05,0.00011,9e-05,2e-05
"Brucepastera",0,0,0,0,0,0
"Sphaerochaeta",2e-05,0,1e-05,4e-05,2e-05,0
"Parasphaerochaeta",0,0,0,1e-05,0,0
"Sediminispirochaeta",1e-05,0,0,0,0,0
"Spirochaeta",0,0,0,0,0,0
"Marispirochaeta",0,0,0,0,0,0
"Entomospira",0,0,0,0,0,0
"Salinispira",0,0,0,0,0,0
"Leadbettera",1e-05,0,0,1e-05,0,0
"Gracilinema",0,0,0,0,0,0
"Breznakiella",0,0,0,0,0,0
"Borrelia",0,0,0,1e-05,1e-05,0
"Borreliella",0,0,1e-05,0,0,0
"Leptospira",1e-05,0,1e-05,2e-05,0,0
"Brachyspira",0,0,1e-05,1e-05,1e-05,0
"Thermospira",0,0,0,0,0,0
"Winmispira",0,0,0,0,0,1e-05
"Sorangium",3e-05,1e-05,1e-05,6e-05,4e-05,2e-05
"Polyangium",1e-05,0,0,0,0,0
"Sandaracinus",0,0,0,1e-05,1e-05,0
"Labilithrix",0,0,0,0,0,0
"Nannocystis",1e-05,0,0,0,1e-05,1e-05
"Haliangium",0,1e-05,0,0,0,0
"Cystobacter",1e-05,0,0,0,0,1e-05
"Archangium",0,0,0,1e-05,4e-05,0
"Melittangium",0,0,0,0,0,0
"Corallococcus",1e-05,0,0,3e-05,1e-05,0
"Myxococcus",1e-05,1e-05,0,2e-05,3e-05,0
"Anaeromyxobacter",1e-05,1e-05,0,2e-05,1e-05,0
"Vulgatibacter",0,0,0,0,0,0
"Pendulispora",0,0,0,1e-05,1e-05,0
"Sulfurospirillum",3e-05,0,0,3e-05,0,1e-05
"Campylobacter",2e-05,9e-05,3e-05,8e-05,2e-05,1e-05
"Sulfurimonas",0,0,0,1e-05,0,0
"Thiomicrolovo",0,0,0,0,0,0
"Aliarcobacter",0,0,1e-05,0,0,0
"Malaciobacter",0,0,0,0,0,0
"Arcobacter",0,0,0,0,0,0
"Helicobacter",0,0,0,1e-05,1e-05,0
"Sulfurovum",0,0,0,0,0,0
"Hydrogenimonas",0,0,0,1e-05,0,0
"Caminibacter",0,0,0,0,0,0
"Tunturiibacter",1e-05,0,0,1e-05,1e-05,0
"Granulicella",0,0,0,1e-05,1e-05,0
"Edaphobacter",0,0,0,0,1e-05,0
"Telmatobacter",0,0,0,0,0,0
"Occallatibacter",0,0,0,0,0,0
"Terriglobus",0,1e-05,0,1e-05,1e-05,1e-05
"Chloracidobacterium",0,1e-05,0,0,0,0
"Silvibacterium",0,0,0,0,0,0
"Acidisarcina",0,0,0,0,0,0
"Paludibaculum",0,0,0,1e-05,0,0
"Geothrix",2e-05,0,0,4e-05,2e-05,1e-05
"Mesoterricola",0,0,0,1e-05,1e-05,0
"Thermotomaculum",0,0,0,0,0,0
"Sulfidibacter",0,0,0,0,0,0
"Luteitalea",1e-05,0,0,2e-05,0,0
"Bdellovibrio",1e-05,1e-05,2e-05,2e-05,2e-05,1e-05
"Micavibrio",0,0,0,1e-05,0,0
"Bacteriovorax",0,0,0,0,0,0
"Halobacteriovorax",0,0,0,1e-05,0,0
"Pigmentibacter",0,0,0,0,0,0
"Nitrospira",0,1e-05,0,1e-05,1e-05,1e-05
"Leptospirillum",0,0,0,1e-05,0,0
"Thermodesulfovibrio",0,0,0,0,0,0
"Caldithrix",1e-05,0,0,0,0,0
"Aquifex",0,0,0,0,0,0
"Pampinifervens",0,0,0,0,0,0
"Thermovibrio",0,0,0,0,0,0
"Desulfurispirillum",0,0,0,1e-05,1e-05,0
"Elusimicrobium",0,0,0,1e-05,0,0
"Candidatus Caldatribacterium",0,0,0,1e-05,0,0
"Nitrospina",0,0,0,0,0,0
"Faecalibacterium",0.33803,0.0027,0.15808,0.24833,0.18266,0.08023
"Lawsonibacter",0.02006,0.00047,0.00036,0.00251,0.00354,0.00156
"Flavonifractor",0.00976,0.00229,0.00061,0.00334,0.00435,0.00166
"Ruthenibacterium",0.00341,1e-04,0.00051,0.00317,0.00494,5e-04
"Oscillibacter",0.00334,0.00022,0.00061,0.00361,0.0042,0.0011
"Vescimonas",0.00331,5e-05,0.00295,0.00799,0.00988,0.0023
"Pusillibacter",0.00263,8e-05,0.00144,0.00122,0.00469,0.00068
"Dysosmobacter",0.0023,6e-05,4e-04,0.00246,0.00484,0.00063
"Subdoligranulum",0.00176,2e-05,0.00221,0.00206,0.0012,0.00187
"Anaerotruncus",0.00138,7e-05,0.00072,0.00068,0.00231,0.00032
"Owariibacterium",0.00055,4e-05,0.00072,0.00143,0.00118,0.00022
"Ruminococcus",5e-04,4e-05,0.0811,0.00571,0.00862,0.00198
"Pseudoflavonifractor",0.00048,0.00033,0.00033,0.00086,0.00077,0.00016
"Solibaculum",0.00012,1e-05,5e-05,4e-04,0.00023,5e-05
"Caproicibacterium",8e-05,0,5e-05,0.00017,0.00014,5e-05
"Bengtsoniella",2e-05,0,1e-05,4e-05,4e-05,1e-05
"Ethanoligenens",2e-05,0,1e-05,7e-05,8e-05,2e-05
"Mageeibacillus",1e-05,0,1e-05,4e-05,2e-05,1e-05
"Thermocaproicibacter",1e-05,0,1e-05,3e-05,9e-05,1e-05
"Amygdalobacter",1e-05,0,1e-05,3e-05,4e-05,0
"Petroclostridium",0,0,1e-05,1e-05,1e-05,0
"Acetivibrio",0,0,1e-05,1e-05,0,0
"Thermoclostridium",0,0,0,1e-05,0,0
"Fastidiosipila",0,0,0,0,1e-05,0
"Ruminiclostridium",0,0,1e-05,2e-05,1e-05,0
"Paludihabitans",0,0,0,3e-05,0,0
"Intestinimonas",0.00162,8e-05,0.00044,0.00266,0.0058,0.00044
"Flintibacter",0.00155,9e-05,1e-04,0.00032,0.00065,0.00011
"Thermaerobacter",1e-05,0,0,2e-05,1e-05,0
"Levyella",1e-05,0,0,0,0,0
"Proteiniborus",0,0,0,0,0,0
"Fusibacter",0,0,0,1e-05,1e-05,0
"Fenollaria",0,0,0,0,1e-05,0
"Agathobaculum",0.00018,2e-05,0.00011,0.00018,0.00022,5e-05
"Intestinibacillus",0.00012,1e-05,6e-05,6e-05,3e-05,1e-05
"Butyricicoccus",8e-05,1e-05,0.00019,0.00075,0.00015,5e-05
"Clostridium",0.00089,0.00037,0.00141,0.00198,0.00125,0.00056
"Lactonifactor",3e-05,1e-05,5e-05,6e-05,4e-05,2e-05
"Proteiniclasticum",1e-05,0,0,1e-05,1e-05,0
"Oceanirhabdus",0,0,0,0,0,0
"Caloramator",0,0,0,1e-05,2e-05,0
"Wukongibacter",0,0,1e-05,1e-05,0,0
"Candidatus Neoarthromitus",0,0,1e-05,0,0,0
"Crassaminicella",0,0,0,0,0,0
"Sarcina",0,0,0,0,0,0
"Haloimpatiens",0,0,1e-05,0,0,0
"Hathewaya",0,0,0,0,0,0
"Aristaeella",0.00043,0,3e-05,0.00043,0.00014,8e-05
"Eubacterium",0.00038,0.00012,0.00356,0.00142,0.00051,0.00028
"Pseudoramibacter",1e-05,0,0,2e-05,2e-05,1e-05
"Acetobacterium",1e-05,0,1e-05,1e-05,1e-05,0
"Alkalibacter",0,0,0,1e-05,1e-05,0
"Anaerofustis",0,0,0,2e-05,0,0
"Acutalibacter",7e-05,1e-05,3e-05,2e-04,0.00026,5e-05
"Caproiciproducens",5e-05,0,1e-05,0.00012,0.00015,2e-05
"Caproicibacter",2e-05,0,1e-05,6e-05,5e-05,1e-05
"Desulforamulus",1e-05,0,0,3e-05,4e-05,0
"Candidatus Formimonas",0,0,0,1e-05,0,0
"Desulfofarcimen",0,0,0,1e-05,0,0
"Desulfofundulus",0,0,0,0,0,0
"Thermanaerosceptrum",0,0,0,0,0,0
"Acididesulfobacillus",0,0,0,0,0,0
"Dehalobacter",1e-05,0,1e-05,2e-05,1e-05,0
"Desulfitobacterium",0,0,1e-05,2e-05,1e-05,0
"Desulfosporosinus",0,0,1e-05,2e-05,1e-05,0
"Syntrophobotulus",0,0,0,0,0,0
"Heliomicrobium",1e-05,0,1e-05,2e-05,1e-05,0
"Heliorestis",0,0,0,3e-05,0,0
"Candidatus Syntrophocurvum",1e-05,0,0,0,0,1e-05
"Syntrophothermus",0,0,0,0,1e-05,0
"Symbiobacterium",0,0,0,1e-05,2e-05,0
"Caldinitratiruptor",0,0,0,2e-05,0,0
"Desulfoscipio",0,0,0,1e-05,1e-05,0
"Thermincola",0,0,0,0,1e-05,0
"Desulfotomaculum",0,0,0,0,0,0
"Lachnospira",0.00738,4e-05,0.01891,0.00776,0.00015,6e-05
"Simiaoa",0.00692,3e-05,0.01205,0.00433,0.00638,0.00021
"Roseburia",0.00553,0.00046,0.02355,0.0056,0.01556,0.00188
"Agathobacter",0.00488,1e-04,0.08766,0.03018,0.01005,5e-04
"Blautia",0.00411,0.00047,0.04115,0.00708,0.00211,0.00154
"Mediterraneibacter",0.00303,0.00105,0.01163,0.0039,0.00252,0.00083
"Coprococcus",0.00221,4e-05,0.09535,0.01411,0.00123,0.00028
"Enterocloster",0.00219,5e-04,0.0012,0.00102,0.00194,0.00035
"Dorea",0.00146,0.00023,0.01559,0.00336,0.00092,0.00029
"Anaerobutyricum",0.00062,2e-05,0.01342,0.00099,9e-05,4e-05
"Anaerostipes",4e-04,6e-05,0.0058,0.00062,0.00016,9e-05
"Hungatella",0.00032,9e-05,0.00044,0.00047,0.00197,0.00013
"Sellimonas",0.00027,2e-05,0.00067,0.001,0.00043,1e-04
"Lachnoclostridium",0.00018,2e-05,0.00081,0.00059,5e-04,0.00011
"Eisenbergiella",0.00017,1e-05,0.00023,0.00058,0.00038,1e-04
"Eshraghiella",0.00014,1e-05,0.00023,0.00016,0.00036,4e-05
"Wansuia",0.00012,1e-05,6e-04,0.00017,0.00016,2e-05
"Lacrimispora",0.00011,4e-05,0.00031,0.00018,1e-04,3e-05
"Wujia",0.00011,1e-05,0.00024,0.00575,6e-05,0.00019
"Claveliimonas",8e-05,1e-05,0.00017,0.00018,9e-05,2e-05
"Butyrivibrio",6e-05,1e-05,1e-04,8e-05,4e-05,2e-05
"Marvinbryantia",5e-05,1e-05,7e-05,0.00016,4e-05,1e-05
"Hominifimenecus",4e-05,0,2e-05,3e-05,1e-05,0
"Chordicoccus",4e-05,1e-05,3e-05,9e-05,0.00013,3e-05
"Otoolea",4e-05,0.00019,7e-05,5e-05,8e-05,1e-05
"Anaerocolumna",3e-05,1e-05,1e-04,4e-05,3e-05,1e-05
"Stomatobaculum",2e-05,0,1e-05,2e-05,2e-05,1e-05
"Kineothrix",2e-05,0,4e-05,4e-05,6e-05,0
"Lachnoanaerobaculum",2e-05,0,4e-05,3e-05,1e-05,1e-05
"Qiania",2e-05,1e-05,9e-05,0.00017,4e-05,4e-05
"Novisyntrophococcus",2e-05,0,3e-05,3e-05,1e-05,0
"Faecalimonas",2e-05,0.00046,0.00014,2e-05,1e-05,0
"Pseudobutyrivibrio",1e-05,0,2e-05,1e-05,1e-05,0
"Herbinix",1e-05,0,1e-05,1e-05,1e-05,0
"Chakrabartyella",0,0,1e-05,1e-05,0,0
"Anaeromicropila",0,0,1e-05,1e-05,0,0
"Anaeropeptidivorans",0,0,1e-05,1e-05,1e-05,0
"Anaerotignum",1e-05,0,1e-05,2e-05,1e-05,0
"Cellulosilyticum",1e-05,0,1e-05,0,0,0
"Vallitalea",0,0,1e-05,1e-05,0,0
"Petrocella",0,0,0,1e-05,0,0
"Ihubacter",0.00127,0,1e-05,8e-05,0.00016,1e-05
"Emergencia",2e-05,0,5e-05,4e-05,5e-05,0
"Mogibacterium",1e-05,0,3e-05,1e-05,1e-05,0
"Aminipila",1e-05,0,2e-05,6e-05,2e-05,0
"Anoxybacterium",0,0,0,1e-05,1e-05,0
"Clostridioides",0.00047,7e-05,6e-04,0.00112,0.00033,0.00023
"Paraclostridium",1e-05,1e-05,1e-05,1e-05,1e-05,0
"Romboutsia",0,0,0.00011,1e-05,1e-05,1e-05
"Peptostreptococcus",0,0,1e-05,1e-05,0,0
"Terrisporobacter",0,0,2e-05,1e-05,0,0
"Tepidibacter",0,0,0,0,1e-05,0
"Peptacetobacter",0,1e-05,0,0,0,0
"Filifactor",0,0,1e-05,1e-05,0,0
"Geosporobacter",0,0,0,0,0,0
"Alkaliphilus",0,0,1e-05,0,0,0
"Peptoclostridium",0,0,1e-05,0,0,0
"Christensenella",0.00034,0,0.00043,9e-04,3e-04,7e-05
"Neomoorella",4e-05,0,0,2e-05,2e-05,1e-05
"Gelria",1e-05,0,0,1e-05,1e-05,0
"Thermacetogenium",1e-05,0,0,1e-05,1e-05,0
"Thermoanaerobacterium",0,0,0,1e-05,1e-05,0
"Thermoanaerobacter",0,1e-05,1e-05,0,0,2e-05
"Candidatus Desulforudis",0,0,0,1e-05,0,1e-05
"Mahella",0,0,0,1e-05,0,0
"Monoglobus",1e-05,0,2e-05,9e-05,1e-05,1e-05
"Biomaibacter",0,0,0,0,1e-05,0
"Koleobacter",0,0,0,0,0,0
"Mitsuokella",0.00418,1e-05,2e-05,3e-05,0.00336,2e-05
"Selenomonas",3e-04,3e-05,3e-05,0.00014,0.00034,5e-05
"Megamonas",2e-05,1e-05,1e-05,3e-05,2e-05,1e-05
"Pectinatus",0,0,0,0,0,2e-05
"Selenobaculum",0,0,0,0,0,2e-05
"Sporomusa",2e-05,1e-05,1e-05,3e-05,2e-05,2e-05
"Pelosinus",0,0,0,1e-05,0,0
"Dialister",0.00038,1e-05,9e-05,0.00046,4e-05,0.00014
"Veillonella",0.00026,0,0.00097,0.00028,0,2e-05
"Megasphaera",1e-04,1e-05,3e-05,6e-05,0.03536,0.00037
"Colibacter",4e-05,0,1e-05,1e-04,1e-05,1e-05
"Acidaminococcus",0.00013,0.00029,2e-05,0.00442,0.01344,0.00021
"Phascolarctobacterium",6e-05,0.05571,0.0041,0.00053,0.03833,0.00014
"Paenibacillus",0.00031,6e-05,0.00017,0.00053,4e-04,0.00014
"Brevibacillus",5e-05,1e-05,2e-05,6e-05,1e-04,1e-05
"Cohnella",2e-05,0,1e-05,3e-05,2e-05,1e-05
"Aneurinibacillus",1e-05,0,0,1e-05,0,0
"Saccharibacillus",1e-05,0,0,1e-05,0,0
"Thermobacillus",0,0,0,1e-05,1e-05,0
"Bacillus",3e-05,3e-05,6e-05,0.00011,4e-05,1e-05
"Neobacillus",2e-05,1e-05,2e-05,4e-05,2e-05,1e-05
"Salimicrobium",1e-05,0,0,1e-05,0,0
"Lysinibacillus",1e-05,0,1e-05,2e-05,1e-05,0
"Oceanobacillus",1e-05,0,1e-05,0,2e-05,0
"Peribacillus",1e-05,0,1e-05,1e-05,0,0
"Niallia",1e-05,0,1e-05,1e-05,1e-05,0
"Sutcliffiella",1e-05,0,0,0,0,0
"Halobacillus",0,0,1e-05,1e-05,0,0
"Rossellomorea",0,1e-05,0,2e-05,0,0
"Priestia",0,0,1e-05,1e-05,0,0
"Psychrobacillus",0,1e-05,1e-05,1e-05,0,0
"Salisediminibacterium",0,0,0,0,0,0
"Mesobacillus",0,0,0,1e-05,0,0
"Heyndrickxia",0,0,0,1e-05,0,0
"Cytobacillus",0,0,1e-05,1e-05,0,0
"Virgibacillus",0,0,0,1e-05,0,0
"Metabacillus",0,0,0,0,1e-05,0
"Sediminibacillus",0,0,0,0,0,0
"Tepidibacillus",0,0,0,0,0,0
"Aciduricibacillus",0,0,0,0,0,0
"Terribacillus",0,0,0,0,0,0
"Alkalihalobacillus",0,0,0,0,1e-05,0
"Alkalibacillus",0,0,0,0,0,0
"Planococcus",2e-05,1e-05,1e-05,2e-05,2e-05,0
"Sporosarcina",1e-05,0,1e-05,4e-05,1e-05,0
"Ureibacillus",0,0,0,0,0,0
"Solibacillus",0,0,0,0,0,0
"Paenisporosarcina",0,0,0,0,0,0
"Jeotgalibacillus",0,0,0,0,0,0
"Kurthia",0,0,0,0,0,0
"Staphylococcus",3e-05,3e-05,5e-05,4e-05,4e-05,2e-05
"Jeotgalicoccus",0,0,0,0,0,0
"Salinicoccus",0,0,0,0,0,1e-05
"Macrococcus",0,0,0,0,0,0
"Geobacillus",1e-05,1e-05,1e-05,2e-05,1e-05,0
"Anoxybacillus",0,0,0,0,0,0
"Parageobacillus",0,0,0,0,0,0
"Alicyclobacillus",1e-05,0,1e-05,3e-05,3e-05,1e-05
"Tumebacillus",0,0,0,1e-05,2e-05,0
"Effusibacillus",0,0,0,0,0,0
"Kyrpidia",0,0,0,1e-05,0,0
"Exiguobacterium",1e-05,0,1e-05,2e-05,1e-05,0
"Hydrogenibacillus",0,0,0,0,0,0
"Staphylospora",0,0,0,1e-05,0,0
"Novibacillus",0,0,0,0,0,0
"Polycladomyces",0,0,0,0,0,0
"Kroppenstedtia",0,0,1e-05,0,0,0
"Listeria",0,0,1e-05,2e-05,1e-05,0
"Brochothrix",0,0,0,0,0,0
"Gemella",0,0,2e-05,1e-05,1e-05,0
"Fictibacillus",0,0,1e-05,0,0,0
"Streptococcus",4e-04,0.00016,0.00508,0.00096,0.00016,0.00056
"Lactococcus",2e-05,3e-05,0.00011,3e-05,1e-05,0
"Pseudolactococcus",0,0,1e-05,1e-05,0,0
"Enterococcus",0.00015,5e-05,0.00022,0.00038,7e-05,6e-05
"Vagococcus",1e-05,0,1e-05,1e-05,0,0
"Melissococcus",0,0,0,0,0,0
"Lactobacillus",2e-05,0,3e-05,3e-05,1e-05,1e-05
"Ligilactobacillus",2e-05,0,3e-05,7e-05,2e-05,0
"Lacticaseibacillus",1e-05,0,2e-05,2e-05,1e-05,0
"Limosilactobacillus",1e-05,0,4e-05,0.00062,2e-05,0
"Levilactobacillus",1e-05,0,1e-05,1e-05,1e-05,0
"Leuconostoc",0,0,5e-05,0,1e-05,0
"Companilactobacillus",0,1e-05,0,0,0,0
"Pediococcus",0,0,0,0,0,0
"Fructilactobacillus",0,0,0,0,0,0
"Latilactobacillus",0,0,0,0,0,0
"Loigolactobacillus",0,0,0,0,0,0
"Lactiplantibacillus",0,0,0,1e-05,1e-05,0
"Schleiferilactobacillus",0,0,0,0,0,0
"Paucilactobacillus",0,0,0,0,0,0
"Agrilactobacillus",0,0,0,0,0,0
"Weissella",0,1e-05,2e-05,1e-05,1e-05,0
"Liquorilactobacillus",0,0,0,0,0,0
"Lentilactobacillus",0,0,0,0,0,0
"Trichococcus",1e-05,0,0,0,1e-05,0
"Granulicatella",0,0,2e-05,1e-05,0,0
"Alloiococcus",0,0,0,0,0,0
"Dolosigranulum",0,0,0,1e-05,0,0
"Alkalibacterium",0,0,0,0,0,0
"Carnobacterium",0,0,0,0,0,0
"Jeotgalibaca",0,0,0,0,0,0
"Ignavigranum",1e-05,0,0,0,0,0
"Aerococcus",0,0,0,1e-05,0,0
"Ruoffia",0,0,0,0,0,0
"Holdemania",0.00066,2e-05,0.00013,0.00082,0.00033,4e-05
"Amedibacillus",0.00011,0,0.00016,0.00013,0.00044,5e-05
"Longicatena",3e-05,0,0.00011,3e-05,4e-05,0
"Faecalibaculum",1e-05,0,2e-05,1e-05,1e-05,0
"Allobaculum",1e-05,1e-05,1e-05,2e-05,1e-05,0
"Amedibacterium",1e-05,0,6e-05,1e-05,1e-05,0
"Solobacterium",1e-05,0,1e-05,1e-05,1e-05,0
"Massilimicrobiota",0,0,2e-05,1e-05,0,0
"Erysipelothrix",0,0,2e-05,0,0,0
"Intestinibaculum",0,0,1e-05,0,0,0
"Faecalibacillus",7e-05,5e-04,0.00179,7e-05,1e-05,1e-05
"Thomasclavelia",5e-05,1e-05,3e-04,7e-05,4e-05,0
"Catenibacterium",1e-05,1e-05,9e-05,1e-05,5e-04,1e-05
"Tannockella",0,0,1e-05,0,0,0
"Turicibacter",1e-05,0,3e-05,3e-05,1e-05,1e-05
"Murdochiella",2e-05,0,2e-05,0.00011,1e-05,1e-05
"Parvimonas",0,0,1e-05,1e-05,0,0
"Anaerococcus",0,0,1e-05,0,0,0
"Helcococcus",0,0,0,0,1e-05,0
"Aedoeadaptatus",0,0,0,1e-05,1e-05,0
"Peptoniphilus",0,0,1e-05,1e-05,0,0
"Finegoldia",0,0,0,0,0,0
"Tissierella",1e-05,0,1e-05,1e-05,0,0
"Keratinibaculum",0,0,0,0,0,0
"Acidilutibacter",0,0,0,1e-05,0,0
"Gottschalkia",0,0,0,1e-05,0,0
"Ezakiella",0,0,0,1e-05,0,0
"Sedimentibacter",0,0,1e-05,1e-05,1e-05,0
"Carboxydichorda",0,0,0,1e-05,1e-05,0
"Limnochorda",0,0,0,1e-05,1e-05,0
"Candidatus Contubernalis",1e-05,0,0,0,0,0
"Caldicellulosiruptor",0,2e-05,1e-05,2e-05,1e-05,0
"Ndongobacter",0,0,0,1e-05,1e-05,0
"Collinsella",0.0281,0.00133,6e-05,0.0039,0.00717,0.00329
"Enorma",7e-05,4e-05,1e-05,3e-05,3e-05,1e-05
"Coriobacterium",0,0,0,1e-05,0,0
"Parolsenella",7e-05,1e-05,1e-05,9e-05,0.00089,2e-05
"Olsenella",4e-05,2e-05,1e-05,1e-04,5e-05,0.00011
"Parafannyhessea",3e-05,0,1e-05,9e-05,3e-05,1e-05
"Thermophilibacter",3e-05,1e-05,1e-05,1e-04,5e-05,2e-05
"Fannyhessea",2e-05,0,0,1e-05,0,0
"Lancefieldella",1e-05,0,1e-05,2e-05,2e-05,0
"Atopobium",1e-05,0,0,2e-05,1e-05,0
"Leptogranulimonas",0,0,0,1e-05,1e-05,0
"Adlercreutzia",0.00226,0,0.00161,9e-05,5e-05,3e-05
"Eggerthella",0.00064,3e-05,0.00115,0.00011,0.00041,4e-05
"Gordonibacter",1e-04,2e-05,0.00105,5e-05,4e-05,2e-05
"Slackia",7e-05,1e-05,1e-05,4e-05,4e-05,1e-05
"Berryella",4e-05,2e-05,1e-05,4e-05,3e-05,1e-05
"Raoultibacter",4e-05,0,1e-05,2e-05,1e-05,0
"Denitrobacterium",3e-05,0,0,1e-05,1e-05,0
"Arabiibacter",3e-05,1e-05,1e-05,2e-05,1e-05,0
"Xiamenia",2e-05,0,0,1e-05,1e-05,0
"Cryptobacterium",1e-05,0,0,1e-05,1e-05,0
"Phoenicibacter",0,0,0,0,0,0
"Bifidobacterium",0.01749,8e-04,0.08912,0.0653,0.07194,0.01262
"Gardnerella",1e-05,0,0,1e-05,1e-05,1e-05
"Scardovia",0,0,0,0,0,0
"Parascardovia",0,0,0,0,0,0
"Mycobacterium",0.00044,3e-04,0.00037,0.00062,0.00032,0.00024
"Mycolicibacterium",4e-05,1e-05,2e-05,8e-05,5e-05,3e-05
"Mycobacteroides",0,0,0,1e-05,1e-05,0
"Mycolicibacter",0,0,0,0,0,0
"Mycolicibacillus",0,0,0,1e-05,0,0
"Corynebacterium",0.00017,3e-05,5e-05,0.00028,0.00017,6e-05
"Nocardia",4e-05,1e-05,2e-05,8e-05,5e-05,2e-05
"Rhodococcus",3e-05,1e-05,1e-05,4e-05,5e-05,2e-05
"Rhodococcoides",0,0,0,0,0,0
"Prescottella",0,0,0,1e-05,0,0
"Gordonia",2e-05,2e-05,1e-05,5e-05,4e-05,1e-05
"Skermania",0,0,0,0,0,0
"Segniliparus",0,0,0,0,0,0
"Tsukamurella",0,0,0,0,1e-05,0
"Tomitella",0,0,0,0,2e-05,0
"Dietzia",0,0,0,1e-05,0,0
"Streptomyces",0.00056,0.00026,0.00024,0.00099,0.00075,3e-04
"Kitasatospora",2e-05,1e-05,1e-05,6e-05,5e-05,1e-05
"Actinacidiphila",0,0,0,0,0,0
"Streptacidiphilus",0,0,0,1e-05,0,0
"Embleya",0,0,0,0,0,0
"Microbacterium",1e-04,3e-05,3e-05,0.00015,0.00012,3e-05
"Leucobacter",2e-05,0,0,2e-05,2e-05,0
"Rathayibacter",2e-05,0,0,2e-05,1e-05,1e-05
"Salinibacterium",1e-05,0,0,3e-05,0,0
"Leifsonia",1e-05,1e-05,0,2e-05,2e-05,0
"Curtobacterium",1e-05,0,0,3e-05,1e-05,1e-05
"Cryobacterium",1e-05,0,0,1e-05,1e-05,0
"Protaetiibacter",1e-05,0,0,0,1e-05,0
"Agrococcus",0,0,0,1e-05,2e-05,0
"Clavibacter",0,0,0,0,1e-05,0
"Agromyces",0,0,0,1e-05,1e-05,0
"Plantibacter",0,0,0,1e-05,0,0
"Paramicrobacterium",0,0,0,3e-05,0,0
"Humibacter",0,0,0,0,0,0
"Gulosibacter",0,0,0,0,0,0
"Frigoribacterium",0,0,0,0,0,0
"Microcella",0,0,0,0,0,0
"Herbiconiux",0,0,0,0,0,0
"Gryllotalpicola",0,0,0,0,0,0
"Cnuibacter",0,0,0,0,0,0
"Microterricola",0,0,0,0,0,0
"Ruicaihuangia",0,0,0,0,0,0
"Mycetocola",0,0,0,0,1e-05,1e-05
"Lysinibacter",0,0,0,0,0,0
"Rothia",8e-05,2e-05,5e-05,1e-04,4e-05,1e-05
"Arthrobacter",6e-05,1e-05,1e-05,8e-05,6e-05,4e-05
"Glutamicibacter",2e-05,0,0,1e-05,1e-05,0
"Pseudarthrobacter",1e-05,1e-05,1e-05,2e-05,1e-05,0
"Sinomonas",1e-05,0,0,1e-05,3e-05,0
"Paenarthrobacter",1e-05,0,0,1e-05,1e-05,0
"Kocuria",1e-05,0,0,1e-05,1e-05,0
"Micrococcus",1e-05,0,0,1e-05,0,0
"Crystallibacter",0,0,0,1e-05,0,0
"Citricoccus",0,0,0,0,2e-05,0
"Auritidibacter",0,0,0,0,0,0
"Psychromicrobium",0,0,0,0,0,0
"Isoptericola",2e-05,0,0,0,0,0
"Cellulosimicrobium",1e-05,0,0,2e-05,1e-05,0
"Xylanimonas",0,0,0,1e-05,1e-05,0
"Promicromonospora",0,0,0,1e-05,0,0
"Terrabacter",1e-05,0,0,0,0,0
"Phycicoccus",1e-05,0,0,1e-05,1e-05,0
"Janibacter",0,0,0,1e-05,1e-05,0
"Pedococcus",0,0,0,1e-05,0,0
"Arsenicicoccus",0,1e-05,0,1e-05,0,0
"Knoellia",0,0,0,0,0,0
"Brevibacterium",2e-05,0,1e-05,2e-05,2e-05,0
"Saxibacter",1e-05,0,0,1e-05,1e-05,0
"Cellulomonas",1e-05,0,1e-05,3e-05,2e-05,1e-05
"Ornithinimicrobium",1e-05,0,0,1e-05,1e-05,0
"Serinicoccus",0,0,0,1e-05,0,0
"Brachybacterium",1e-05,1e-05,1e-05,2e-05,1e-05,0
"Dermabacter",0,0,0,0,0,0
"Gephyromycinifex",0,0,0,0,0,0
"Demequina",0,0,0,0,0,0
"Timonella",0,0,0,0,0,0
"Ruania",0,0,0,1e-05,1e-05,0
"Occultella",0,0,0,0,0,0
"Beutenbergia",0,0,0,0,1e-05,0
"Miniimonas",0,0,0,0,0,0
"Sanguibacter",0,0,0,1e-05,0,0
"Actinomyces",1e-04,2e-05,9e-05,5e-05,1e-04,2e-05
"Trueperella",8e-05,0,1e-05,5e-05,5e-05,1e-05
"Schaalia",7e-05,2e-05,0.00023,0.00012,7e-05,1e-05
"Arcanobacterium",1e-05,0,0,1e-05,0,0
"Actinotignum",0,0,0,0,0,0
"Gleimia",0,0,0,0,0,0
"Pauljensenia",0,0,0,1e-05,0,0
"Boudabousia",0,0,0,0,0,0
"Nanchangia",0,0,0,0,0,0
"Cutibacterium",6e-05,5e-05,0,2e-05,5e-05,2e-05
"Tessaracoccus",1e-05,0,1e-05,2e-05,2e-05,0
"Propionibacterium",1e-05,0,2e-05,1e-05,1e-05,0
"Arachnia",1e-05,0,0,1e-05,1e-05,0
"Microlunatus",0,0,0,0,1e-05,0
"Brooklawnia",0,0,0,1e-05,1e-05,0
"Raineyella",0,0,0,0,0,0
"Acidipropionibacterium",0,0,0,1e-05,0,0
"Propioniciclava",0,0,0,1e-05,0,0
"Vaginimicrobium",0,0,0,0,0,0
"Luteococcus",0,0,0,0,0,0
"Nocardioides",3e-05,0,2e-05,8e-05,8e-05,2e-05
"Aeromicrobium",0,0,0,1e-05,1e-05,0
"Mumia",0,0,0,1e-05,0,0
"Friedmanniella",0,0,0,0,0,0
"Solicola",0,0,0,0,0,0
"Micropruina",0,0,0,0,0,0
"Kribbella",3e-05,0,1e-05,8e-05,2e-05,1e-05
"Micromonospora",7e-05,2e-05,3e-05,0.00012,0.00011,3e-05
"Dactylosporangium",3e-05,1e-05,1e-05,5e-05,4e-05,1e-05
"Actinoplanes",2e-05,0,1e-05,4e-05,3e-05,1e-05
"Phytohabitans",0,0,0,0,1e-05,0
"Plantactinospora",0,0,0,2e-05,1e-05,0
"Krasilnikovia",0,0,0,0,0,0
"Couchioplanes",0,0,0,0,0,0
"Longispora",0,0,0,0,0,0
"Catellatospora",0,0,0,0,0,0
"Actinocatenispora",0,0,0,0,0,0
"Amycolatopsis",3e-05,1e-05,2e-05,9e-05,6e-05,2e-05
"Saccharopolyspora",1e-05,0,0,2e-05,2e-05,0
"Pseudonocardia",1e-05,0,0,2e-05,1e-05,1e-05
"Saccharothrix",1e-05,0,0,2e-05,0,0
"Lentzea",0,0,0,2e-05,1e-05,0
"Actinomycetospora",0,0,0,0,1e-05,0
"Kutzneria",0,0,0,2e-05,1e-05,0
"Actinosynnema",0,0,0,1e-05,0,0
"Actinokineospora",0,0,0,1e-05,1e-05,0
"Saccharomonospora",0,0,0,0,1e-05,0
"Alloactinosynnema",0,0,0,0,0,0
"Actinoalloteichus",0,0,0,1e-05,0,0
"Kibdelosporangium",0,0,0,0,0,0
"Umezawaea",0,0,0,0,0,0
"Nonomuraea",2e-05,1e-05,1e-05,4e-05,2e-05,1e-05
"Streptosporangium",2e-05,1e-05,0,2e-05,2e-05,0
"Microbispora",0,0,0,1e-05,0,0
"Sphaerimonospora",0,0,0,0,0,0
"Microtetraspora",0,0,0,0,0,0
"Thermobispora",0,0,0,0,0,0
"Actinomadura",1e-05,1e-05,0,1e-05,2e-05,1e-05
"Spirillospora",0,0,0,1e-05,1e-05,0
"Actinoallomurus",0,0,0,1e-05,0,0
"Thermomonospora",0,0,0,1e-05,0,0
"Nocardiopsis",0,0,0,1e-05,2e-05,0
"Thermobifida",0,0,0,0,0,0
"Streptomonospora",0,0,0,1e-05,0,0
"Jiangella",2e-05,0,0,2e-05,2e-05,0
"Modestobacter",1e-05,0,0,0,1e-05,0
"Geodermatophilus",0,0,0,0,0,0
"Blastococcus",0,0,0,0,0,0
"Frankia",0,0,0,1e-05,0,0
"Pseudofrankia",0,0,0,0,0,0
"Parafrankia",0,0,0,0,0,0
"Kineococcus",1e-05,0,0,1e-05,0,0
"Georgenia",0,0,0,1e-05,0,0
"Epidermidibacterium",0,0,0,0,0,0
"Catenulispora",0,0,0,0,1e-05,0
"Nakamurella",0,0,0,1e-05,0,0
"Actinopolyspora",0,0,0,0,0,0
"Candidatus Planktophila",0,0,0,0,0,0
"Jatrophihabitans",0,0,0,0,0,0
"Stackebrandtia",0,0,0,1e-05,1e-05,0
"Conexibacter",1e-05,0,0,1e-05,1e-05,0
"Baekduia",1e-05,0,0,1e-05,1e-05,0
"Svornostia",0,0,0,0,1e-05,0
"Paraconexibacter",0,0,0,0,1e-05,0
"Thermoleophilum",0,0,0,0,0,0
"Miltoncostaea",0,0,0,0,0,0
"Candidatus Poriferisodalis",1e-05,0,0,2e-05,1e-05,0
"Iamia",1e-05,0,0,1e-05,1e-05,0
"Aquihabitans",0,0,0,3e-05,1e-05,0
"Dermatobacter",0,0,0,0,0,0
"Candidatus Poriferisocius",0,0,1e-05,1e-05,1e-05,0
"Ilumatobacter",0,0,0,0,0,0
"Salinilacustrithrix",0,0,0,0,0,0
"Rubrobacter",1e-05,0,1e-05,2e-05,2e-05,1e-05
"Euzebya",0,0,1e-05,1e-05,1e-05,1e-05
"Egibacter",0,0,0,0,0,0
"Egicoccus",0,0,0,0,0,0
"Synechococcus",6e-05,2e-05,1e-05,9e-05,6e-05,3e-05
"Cyanobium",1e-05,0,0,1e-05,1e-05,0
"Prochlorococcus",0,0,0,1e-05,0,0
"Synechocystis",0,0,0,0,0,0
"Planktothrix",0,0,0,0,0,0
"Capilliphycus",0,0,0,0,0,0
"Limnospira",0,0,0,0,0,0
"Phormidium",0,0,0,0,0,0
"Oxynema",0,0,0,0,0,0
"Microcystis",0,0,0,0,0,0
"Geitlerinema",1e-05,0,0,1e-05,0,1e-05
"Nostoc",0,0,1e-05,1e-05,0,0
"Cylindrospermopsis",0,0,0,0,0,0
"Dolichospermum",0,0,0,0,0,0
"Thermosynechococcus",1e-05,0,0,1e-05,0,0
"Leptolyngbya",0,0,0,0,1e-05,1e-05
"Leptothermofonsia",0,0,0,0,0,0
"Leptodesmis",0,0,0,0,0,0
"Trichocoleus",0,0,0,1e-05,0,0
"Gloeobacter",1e-05,0,0,0,1e-05,0
"Anthocerotibacter",0,0,0,0,0,0
"Halomicronema",0,0,0,0,0,0
"Nodosilinea",0,0,0,0,0,0
"Chamaesiphon",0,0,0,0,0,0
"Crinalium",0,0,0,0,0,0
"Pleurocapsa",0,0,0,0,0,0
"Chroococcidiopsis",0,0,0,0,0,0
"Pseudanabaena",0,0,0,0,0,0
"Spiroplasma",4e-05,0,2e-05,6e-05,3e-05,0
"Mycoplasma",0,1e-05,1e-05,3e-05,2e-05,0
"Candidatus Hepatoplasma",0,0,0,0,0,0
"Acholeplasma",0,0,0,2e-05,0,0
"Mycoplasmopsis",0,0,1e-05,2e-05,1e-05,0
"Mesomycoplasma",0,0,0,0,0,0
"Metamycoplasma",0,0,0,0,1e-05,0
"Ureaplasma",0,0,0,0,0,0
"Dehalococcoides",1e-05,1e-05,0,1e-05,0,0
"Dehalogenimonas",0,0,0,1e-05,1e-05,0
"Roseiflexus",0,0,0,1e-05,1e-05,0
"Chloroflexus",0,0,0,0,0,0
"Candidatus Promineifilum",0,0,0,0,0,0
"Candidatus Leptofilum",0,0,0,0,0,0
"Ktedonosporobacter",0,0,0,0,0,0
"Anaerolinea",0,0,0,0,0,0
"Tepidiforma",0,0,0,2e-05,1e-05,1e-05
"Capsulimonas",0,0,0,0,0,0
"Chthonomonas",0,0,0,0,0,0
"Vulcanimicrobium",0,0,0,1e-05,0,0
"Pyramidobacter",5e-05,1e-05,1e-05,5e-05,4e-05,1e-05
"Jonquetella",0,0,0,2e-05,5e-05,0
"Cloacibacillus",3e-05,0,0,0.00086,2e-05,1e-05
"Aminomonas",0,0,0,1e-05,0,0
"Thermanaerovibrio",0,0,0,1e-05,1e-05,0
"Fretibacterium",2e-05,0,0,2e-05,1e-05,0
"Aminobacterium",0,0,0,1e-05,0,0
"Deinococcus",3e-05,2e-05,1e-05,1e-04,6e-05,2e-05
"Thermus",1e-05,0,0,2e-05,3e-05,0
"Oceanithermus",0,0,0,0,0,0
"Meiothermus",0,0,0,1e-05,2e-05,0
"Fervidobacterium",1e-05,0,0,1e-05,0,0
"Thermotoga",0,0,0,0,0,0
"Pseudothermotoga",0,0,0,0,0,0
"Mesotoga",0,0,0,0,0,0
"Fusobacterium",3e-05,0.01401,7e-05,5e-05,2e-05,8e-05
"Cetobacterium",0,1e-04,1e-05,0,1e-05,0
"Ilyobacter",0,1e-05,0,1e-05,0,0
"Leptotrichia",0,1e-05,1e-05,1e-05,0,0
"Candidatus Southlakia",1e-05,0,0,0,0,0
"Candidatus Saccharimonas",0,0,0,0,0,0
"Candidatus Nanosynbacter",1e-05,0,2e-05,2e-05,1e-05,1e-05
"Candidatus Bipolaricaulis",0,0,0,0,1e-05,0
"Persicimonas",0,0,0,0,1e-05,0
"Bradymonas",0,0,0,0,1e-05,0
"Homo",2e-04,0.00045,0.00013,0.00037,0.00025,0.00018
"Halorubrum",1e-05,0,0,2e-05,1e-05,0
"Halobaculum",1e-05,0,0,0,0,0
"Haloplanus",0,0,0,1e-05,0,0
"Halorarum",0,0,0,0,0,0
"Halolamina",0,0,0,0,0,0
"Haloprofundus",0,0,0,0,0,0
"Haloferax",0,0,0,0,0,0
"Natrinema",0,0,0,0,0,0
"Halopiger",0,0,0,0,0,0
"Haloterrigena",0,0,0,0,0,0
"Halovivax",0,0,0,0,0,0
"Natronobeatus",0,0,0,0,0,0
"Natronosalvus",0,0,0,0,0,0
"Natrarchaeobaculum",0,0,0,0,0,0
"Halorussus",1e-05,0,0,1e-05,0,0
"Haladaptatus",0,0,0,0,0,0
"Haloarcula",0,0,0,0,0,0
"Halorhabdus",0,0,0,0,0,0
"Halosimplex",0,0,0,0,1e-05,0
"Halapricum",0,0,0,0,0,0
"Natronomonas",0,0,0,0,0,0
"Haloglomus",0,0,0,0,0,0
"Halorarius",0,0,0,0,0,0
"Salinirubellus",0,0,0,0,0,0
"Salarchaeum",0,0,0,0,0,0
"Halococcus",0,0,0,0,0,0
"Methanosarcina",1e-05,0,0,1e-05,0,0
"Methanolobus",0,0,0,0,0,0
"Methanimicrococcus",0,0,0,0,0,0
"Methanothrix",0,0,0,0,0,0
"Methanogenium",0,0,0,0,0,0
"Methanocella",0,0,0,0,1e-05,0
"Methanobrevibacter",0,0,1e-05,6e-05,1e-05,0
"Methanobacterium",0,0,0,1e-05,0,0
"Thermococcus",0,0,0,0,1e-05,0
"Methanomethylophilus",0,0,0,0,0,0
"Oxyplasma",0,0,0,0,0,0
"Acidianus",0,0,0,0,0,0
"Nitrosopumilus",0,0,0,0,0,0
"Endlipuvirus",7e-04,0,0,0.00192,0,0
"Jahgtovirus",2e-05,2e-05,0,0,0,0
"Junduvirus",2e-05,0,0,0.00024,0,0
"Buchavirus",1e-05,6e-04,0,2e-05,0,0
"Cohcovirus",1e-05,1e-05,0,0.00013,0,0
"Brigitvirus",0.00037,0,0,0.00084,0.00031,2e-05
"Taranisvirus",9e-05,0,0,3e-05,1e-05,0
"Oengusvirus",2e-05,0,0.00027,3e-05,0,1e-04
"Toutatisvirus",2e-05,0,3e-05,0.00013,1e-05,0
"Rosenblumvirus",1e-05,0,1e-05,1e-05,0,0
"Eracentumvirus",0,0,0,0,0,0
"Jolieduovirus",0,0,0,0,0,0
"Rubivirus",0,0,0,0,0,0
"Bavovirus",0,0,0,0,0,0
"Aviadenovirus",0,0,0,0,0,0
"Candidatus Azobacteroides",0,1e-05,0,0,0,0
"Salinivirga",0,0,0,0,1e-05,0
"Formosa",0,1e-05,0,0,0,0
"Zunongwangia",0,0,0,0,0,0
"Aureibaculum",0,0,0,0,0,0
"Urechidicola",0,0,0,0,0,0
"Seonamhaeicola",0,0,0,1e-05,0,0
"Pukyongia",0,0,0,0,0,0
"Zobellia",0,0,0,0,0,0
"Empedobacter",0,0,0,0,0,0
"Faecalibacter",0,0,0,0,1e-05,0
"Nibribacter",0,1e-05,0,0,0,0
"Bernardetia",0,1e-05,0,0,0,0
"Aureibacter",0,0,0,0,0,0
"Candidatus Cardinium",0,0,0,0,0,0
"Olivibacter",0,0,0,0,1e-05,0
"Actimicrobium",0,1e-05,0,0,0,0
"Herminiimonas",0,0,0,0,0,0
"Deefgea",0,0,0,0,0,0
"Sulfuritalea",0,1e-05,0,0,0,0
"Ferrigenium",0,0,0,0,0,0
"Permianibacter",0,1e-05,0,0,0,0
"Marichromatium",0,2e-05,0,0,0,0
"Thaumasiovibrio",0,0,0,0,0,0
"Lonepinella",0,0,0,0,0,0
"Glaesserella",0,0,0,0,0,0
"Saccharophagus",0,1e-05,0,0,0,0
"Lacimicrobium",0,0,0,0,0,0
"Planctobacterium",0,0,0,0,0,0
"Sulfuricaulis",0,1e-05,0,0,0,1e-05
"Candidatus Rariloculus ( ex Nguyen 2022)",0,0,0,0,0,0
"Terrihabitans",0,0,0,0,0,0
"Methylovirgula",0,0,0,0,0,0
"Pelagerythrobacter",0,0,0,0,0,0
"Algirhabdus",0,0,0,0,0,0
"Nitrospirillum",0,0,0,0,0,0
"Kozakia",0,0,0,0,0,0
"Oecophyllibacter",0,0,0,0,0,0
"Gimibacter",0,0,0,0,0,0
"Oceaniferula",0,0,0,0,0,0
"Ereboglobus",0,0,0,0,0,0
"Aureliella",0,0,0,0,0,0
"Rosistilla",0,0,0,0,0,0
"Blastopirellula",0,0,0,0,0,0
"Adhaeretor",0,1e-05,0,1e-05,0,0
"Aeoliella",0,0,0,0,0,0
"Tautonia",0,0,0,1e-05,0,0
"Candidatus Uabimicrobium",0,0,0,0,0,0
"Candidatus Protochlamydia",0,0,0,0,0,0
"Thermosulfurimonas",0,2e-05,0,0,0,0
"Desulfobacula",0,0,0,0,0,0
"Nitratiruptor",0,0,0,0,0,0
"Chondromyces",0,0,0,1e-05,0,0
"Pseudomyxococcus",0,0,0,0,0,0
"Peredibacter",0,3e-05,0,0,0,0
"Caldisericum",0,0,0,0,0,0
"Defluviitalea",0,0,1e-05,2e-05,0,0
"Intestinibacter",0,0,0.00058,0,1e-05,0
"Serpentinicella",0,0,0,0,0,0
"Caminicella",0,0,0,0,0,0
"Halobacteroides",0,0,0,0,0,0
"Halanaerobium",0,0,0,0,0,0
"Natranaerofaba",0,0,0,0,0,0
"Furfurilactobacillus",0,0,0,0,0,0
"Apilactobacillus",0,0,0,0,0,0
"Robertmurraya",0,0,0,0,0,0
"Mammaliicoccus",0,0,0,0,0,0
"Saccharococcus",0,0,0,0,0,0
"Miniphocaeibacter",0,0,0,0,0,0
"Schnuerera",0,0,0,0,0,0
"Caloranaerobacter",0,0,0,0,0,0
"Kytococcus",0,2e-05,0,0,0,0
"Paraoerskovia",0,1e-05,0,0,0,0
"Yimella",0,1e-05,0,0,0,0
"Actinopolymorpha",0,0,0,1e-05,0,0
"Actinobaculum",0,1e-05,0,0,0,0
"Actinospongicola",0,1e-05,0,0,0,0
"Cylindrospermum",0,1e-05,0,0,0,0
"Halotia",0,0,0,0,0,0
"Geminocystis",0,0,0,0,0,0
"Trichothermofontia",0,0,0,1e-05,0,0
"Thermoflexus",0,0,0,0,0,0
"Sneathia",0,0,0,0,0,0
"Haliovirga",0,0,0,0,0,0
"Allomeiothermus",0,0,0,0,0,0
"Thermosipho",0,0,0,0,0,0
"Oceanotoga",0,0,0,0,0,0
"Candidatus Minimicrobia",0,0,0,0,0,0
"Dissulfurimicrobium",0,0,0,0,0,0
"Halospeciosus",0,0,0,0,0,0
"Methanocaldococcus",0,0,0,0,0,0
"Methanococcus",0,0,0,0,0,0
"Methanothermobacter",0,0,0,0,0,0
"Sulfurisphaera",0,0,0,0,0,0
"Pyrobaculum",0,0,0,0,0,0
"Buorbuivirus",0,0,0,0,0,0
"Aurodevirus",0,1e-04,0,0,0,0
"Birpovirus",0,0,0,0,0,0
"Culoivirus",0,2e-05,0,0,2e-05,0
"Canhaevirus",0,1e-05,0,1e-05,0,0
"Burzaovirus",0,0,1e-05,0,1e-05,0
"Kingevirus",0,1e-05,0,0,0,0
"Lebriduvirus",0,0,0,0,0,0
"Gediminasvirus",0,0,0,0,0,0
"Cequinquevirus",0,0,0,0,0,0
"Tyzzerella",0,0,0,1e-05,1e-05,0
"Phosphitispora",0,0,1e-05,0,0,1e-05
"Dehalobacterium",0,0,0,1e-05,1e-05,0
"Proteinivorax",0,0,0,1e-05,0,0
"Alkalicella",0,0,0,0,0,0
"Sinanaerobacter",0,0,0,1e-05,1e-05,0
"Acetoanaerobium",0,0,0,1e-05,0,0
"Aceticella",0,0,0,0,0,0
"Metallumcola",0,0,0,0,0,0
"Zhaonella",0,0,0,0,0,0
"Halocella",0,0,0,0,0,0
"Natroniella",0,0,0,2e-05,0,0
"Halothermothrix",0,0,0,0,0,0
"Floricoccus",0,0,0,0,0,0
"Oenococcus",0,0,0,0,0,0
"Secundilactobacillus",0,0,0,0,0,0
"Xylocopilactobacillus",0,0,0,0,0,0
"Lapidilactobacillus",0,0,0,0,0,0
"Tetragenococcus",0,0,0,0,0,0
"Marinilactibacillus",0,0,0,0,1e-05,0
"Tuanshanicoccus",0,0,3e-05,0,0,0
"Globicatella",0,0,0,0,0,0
"Facklamia",0,0,0,0,0,0
"Salicibibacter",0,0,0,0,0,0
"Lentibacillus",0,0,0,0,0,0
"Shouchella",0,0,0,0,0,0
"Paraliobacillus",0,0,0,0,0,0
"Aeribacillus",0,0,0,0,0,0
"Pontibacillus",0,0,0,0,0,0
"Evansella",0,0,0,0,0,0
"Gracilibacillus",0,0,0,0,0,0
"Caldalkalibacillus",0,0,0,0,0,0
"Alkalihalophilus",0,0,0,0,0,0
"Amphibacillus",0,0,0,0,0,0
"Pseudobacillus",0,0,0,0,0,0
"Ectobacillus",0,0,0,0,0,0
"Macrococcoides",0,0,0,0,0,0
"Nosocomiicoccus",0,0,0,0,1e-05,0
"Metasolibacillus",0,0,0,0,0,0
"Chryseomicrobium",0,0,0,0,0,0
"Pseudalkalibacillus",0,0,0,0,0,0
"Allocoprobacillus",0,0,1e-05,0,0,0
"Bulleidia",0,0,0,0,0,0
"Gudongella",0,0,0,0,0,0
"Sporanaerobacter",0,0,0,0,0,0
"Geochorda",0,0,0,2e-05,0,0
"Alloscardovia",0,0,0,0,0,0
"Lawsonella",0,0,0,0,0,0
"Peterkaempfera",0,0,0,0,0,0
"Streptantibioticus",0,0,0,1e-05,0,0
"Renibacterium",0,0,0,0,0,0
"Paeniglutamicibacter",0,0,0,0,0,0
"Nesterenkonia",0,0,0,0,0,0
"Rhodoluna",0,0,0,0,0,0
"Naasia",0,0,0,0,0,0
"Oerskovia",0,0,0,0,0,0
"Pengzhenrongella",0,0,0,0,1e-05,0
"Polymorphospora",0,0,0,0,0,0
"Solwaraspora",0,0,0,0,0,0
"Prauserella",0,0,0,0,0,0
"Sphaerisporangium",0,0,0,0,0,0
"Natronoglycomyces",0,0,0,0,0,1e-05
"Candidatus Nanopelagicus",0,0,0,0,0,0
"Actinomarinicola",0,0,0,0,0,0
"Capillimicrobium",0,0,0,1e-05,0,0
"Williamsoniiplasma",0,0,0,0,0,0
"Mesoplasma",0,0,0,0,1e-05,0
"Candidatus Phytoplasma",0,0,0,1e-05,1e-05,0
"Mariniplasma",0,0,0,0,0,0
"Haploplasma",0,0,0,0,0,0
"Candidatus Xianfuyuplasma",0,0,0,0,0,0
"Candidatus Izemoplasma",0,0,0,0,0,0
"Malacoplasma",0,0,0,0,0,0
"Altericista",0,0,0,0,0,0
"Calothrix",0,0,0,0,0,0
"Cyanobacterium",0,0,0,0,0,0
"Picosynechococcus",0,0,0,0,1e-05,0
"Gloeothece",0,0,0,0,0,0
"Microcoleus",0,0,0,0,0,0
"Allocoleopsis",0,0,0,0,0,0
"Labilibaculum",0,0,0,1e-05,1e-05,0
"Lacinutrix",0,0,1e-05,0,0,0
"Kordia",0,0,0,0,0,0
"Pseudalgibacter",0,0,0,0,0,0
"Algibacter",0,0,0,1e-05,0,0
"Zhouia",0,0,0,0,0,0
"Aestuariibaculum",0,0,0,0,0,0
"Psychroserpens",0,0,0,0,0,0
"Patiriisocius",0,0,0,0,0,0
"Allomuricauda",0,0,0,0,0,0
"Dokdonia",0,0,0,0,0,0
"Lutibacter",0,0,0,0,0,0
"Flaviramulus",0,0,0,0,0,0
"Sanyastnella",0,0,0,0,0,0
"Parvicella",0,0,0,0,0,0
"Fibrella",0,0,0,1e-05,0,0
"Cyclobacterium",0,0,0,0,0,0
"Mongoliitalea",0,0,0,0,0,0
"Persicobacter",0,0,0,1e-05,0,1e-05
"Fulvivirga",0,0,0,1e-05,0,0
"Leadbetterella",0,0,0,0,0,0
"Microscilla",0,0,0,0,0,0
"Candidatus Amoebophilus",0,0,0,0,0,0
"Aurantibacillus",0,0,0,0,0,0
"Rhizosphaericola",0,0,0,0,0,0
"Ferruginibacter",0,0,0,0,1e-05,0
"Saprospira",0,0,0,0,0,0
"Lewinella",0,0,0,0,0,0
"Fidelibacter",0,0,0,0,0,0
"Schlesneria",0,0,1e-05,0,0,0
"Planctellipticum",0,0,0,1e-05,0,0
"Polystyrenella",0,0,0,1e-05,0,0
"Candidatus Westeberhardia",0,0,0,0,0,0
"Trabulsiella",0,0,0,0,0,0
"Candidatus Profftia",0,0,0,0,0,0
"Dryocola",0,0,0,0,1e-05,0
"Photorhabdus",0,0,0,0,0,0
"Bibersteinia",0,0,0,0,0,0
"Phocoenobacter",0,0,0,0,0,0
"Agrilutibacter",0,0,0,0,0,0
"Flocculibacter",0,0,0,0,0,0
"Saliniradius",0,0,0,0,0,0
"Litorilituus",0,0,0,0,0,0
"Zymobacter",0,0,0,0,0,0
"Venatoribacter",0,0,0,0,0,0
"Nitrincola",0,0,0,0,0,0
"Hahella",0,0,0,0,0,0
"Thermohahella",0,0,0,0,1e-05,0
"Gynuella",0,0,0,0,0,0
"Gilvimarinus",0,0,0,0,0,0
"Thiodictyon",0,0,0,0,0,0
"Coxiella",0,0,0,0,0,0
"Methylotuvimicrobium",0,0,0,0,0,0
"Candidatus Pseudothioglobus",0,0,0,0,0,0
"Candidatus Reidiella",0,0,0,0,0,0
"Ignatzschineria",0,0,0,0,0,0
"Candidatus Spongiihabitans",0,0,0,0,0,0
"Liberibacter",0,0,0,1e-05,0,0
"Ochrobactrum",0,0,0,0,0,0
"Filomicrobium",0,0,0,0,0,0
"Methylocapsa",0,0,0,0,0,0
"Blastochloris",0,0,0,0,0,0
"Mameliella",0,0,0,1e-05,1e-05,0
"Rhodophyticola",0,0,0,0,0,0
"Allosphingosinicella",0,0,0,1e-05,0,0
"Hwanghaeella",0,0,0,0,0,0
"Candidatus Tisiphia",0,0,0,0,0,0
"Candidatus Lariskella",0,0,0,0,0,0
"Candidatus Bandiella",0,0,0,0,0,0
"Candidatus Ponderosibacter",0,0,0,0,0,0
"Candidatus Puniceispirillum",0,0,0,0,0,0
"Lautropia",0,0,0,1e-05,0,0
"Rugamonas",0,0,0,0,1e-05,0
"Candidatus Methylopumilus",0,0,0,0,0,0
"Pseudothauera",0,0,0,0,0,0
"Candidatus Kinetoplastidibacterium",0,0,0,0,0,0
"Desulforapulum",0,0,0,0,0,0
"Desulfofustis",0,0,0,0,1e-05,1e-05
"Turneriella",0,0,0,0,0,0
"Halarcobacter",0,0,0,0,0,0
"Poseidonibacter",0,0,0,0,0,0
"Sulfuricurvum",0,0,0,0,0,0
"Nautilia",0,0,0,0,0,0
"Nitrosophilus",0,0,0,0,0,0
"Pyxidicoccus",0,0,0,0,0,0
"Acidobacterium",0,0,0,1e-05,0,0
"Spirobacillus",0,0,0,0,0,0
"Flexistipes",0,0,0,0,0,0
"Mucispirillum",0,0,0,0,0,0
"Streptobacillus",0,0,0,0,0,0
"Marinitoga",0,0,0,0,0,0
"Tepiditoga",0,0,0,0,0,0
"Salinilacihabitans",0,0,0,0,0,0
"Halomicrobium",0,0,0,0,0,0
"Halobacterium",0,0,0,0,0,0
"Halocatena",0,0,0,0,0,0
"Halalkalicoccus",0,0,0,0,0,0
"Methanococcoides",0,0,0,0,0,0
"Methanospirillum",0,0,0,0,0,0
"Pyrococcus",0,0,0,0,0,0
"Saccharolobus",0,0,0,0,0,0
"Ignicoccus",0,0,0,0,0,0
"Nitrososphaera",0,0,0,0,0,0
"Dabirmavirus",0,0,0.00083,4e-05,0,0
"Carjivirus",0,0,0,0,0,0
"Bohxovirus",0,0,0,0,0,0
"Lughvirus",0,0,9e-05,1e-05,1e-05,0
"Eponavirus",0,0,0,0,0,0
"Mooreparkvirus",0,0,0,0,0,0
"Potexvirus",0,0,0,0,0,0
"Theiavirus",0,0,0,0,0,0
"Alkalitalea",0,0,0,0,0,0
"Arenibacter",0,0,0,1e-05,0,0
"Antarcticibacterium",0,0,0,1e-05,0,0
"Hwangdonia",0,0,0,0,0,0
"Sinomicrobium",0,0,0,0,0,0
"Pseudotamlana",0,0,0,0,0,0
"Daejeonia",0,0,0,0,0,0
"Bizionia",0,0,0,0,0,0
"Aggregatimonas",0,0,0,0,0,0
"Pontimicrobium",0,0,0,0,0,0
"Ulvibacterium",0,0,0,0,0,0
"Vaginella",0,0,0,0,0,0
"Ichthyobacterium",0,0,0,1e-05,0,0
"Fluviicola",0,0,0,0,0,0
"Croceimicrobium",0,0,0,0,0,0
"Catalinimonas",0,0,0,1e-05,0,0
"Porifericola",0,0,0,0,0,0
"Tunicatimonas",0,0,0,0,0,0
"Fulvitalea",0,0,0,0,0,0
"Imperialibacter",0,0,0,0,0,0
"Aquirufa",0,0,0,0,0,0
"Pseudopedobacter",0,0,0,1e-05,0,0
"Arcticibacter",0,0,0,0,0,0
"Anseongella",0,0,0,0,0,0
"Solitalea",0,0,0,0,0,0
"Paraflavitalea",0,0,0,1e-05,0,0
"Filimonas",0,0,0,0,0,0
"Sediminibacterium",0,0,0,0,0,0
"Haliscomenobacter",0,0,0,0,0,0
"Cyclonatronum",0,0,0,0,0,0
"Melioribacter",0,0,0,1e-05,0,0
"Ignavibacterium",0,0,0,0,0,0
"Gaopeijia",0,0,0,0,0,0
"Shigella",0,0,0,3e-05,0,0
"Cedecea",0,0,0,1e-05,0,0
"Symbiopectobacterium",0,0,0,0,0,0
"Yokenella",0,0,0,0,0,0
"Jejubacter",0,0,0,0,0,0
"Superficieibacter",0,0,0,0,0,0
"Mangrovibacter",0,0,0,0,0,0
"Shimwellia",0,0,0,0,0,0
"Candidatus Fukatsuia",0,0,0,0,0,0
"Obesumbacterium",0,0,0,0,0,0
"Limnobaculum",0,0,0,1e-05,0,0
"Marilutibacter",0,0,0,0,0,0
"Xylella",0,0,0,0,0,0
"Dokdonella",0,0,0,0,1e-05,0
"Histophilus",0,0,0,1e-05,0,0
"Bacterioplanoides",0,0,0,0,0,0
"Isoalcanivorax",0,0,0,0,0,0
"Reinekea",0,0,0,0,0,0
"Salinispirillum",0,0,0,0,0,0
"Hydrocarboniclastica",0,0,0,0,0,0
"Psychrosphaera",0,0,0,0,0,0
"Pseudidiomarina",0,0,0,0,0,0
"Moritella",0,0,0,0,0,0
"Tolumonas",0,0,0,0,0,0
"Dongshaea",0,0,0,0,0,0
"Sediminicurvatus",0,0,0,0,0,0
"Halorhodospira",0,0,0,0,0,0
"Thermochromatium",0,0,0,1e-05,0,0
"Caldichromatium",0,0,0,0,0,0
"Thiocystis",0,0,0,0,0,0
"Nitrosococcus",0,0,0,0,0,0
"Thiolapillus",0,0,0,0,0,0
"Maricurvus",0,0,0,0,0,0
"Oceanicoccus",0,0,0,0,0,0
"Candidatus Methylospira",0,0,0,0,0,0
"Methylomagnum",0,0,0,0,0,0
"Piscirickettsia",0,0,0,0,0,0
"Rickettsiella",0,0,0,0,0,0
"Aquicella",0,0,0,0,1e-05,0
"Algiphilus",0,0,0,1e-05,0,0
"Flagellatimonas",0,0,0,0,0,0
"Dichelobacter",0,0,0,0,0,0
"Frischella",0,0,0,0,0,0
"Zophobihabitans",0,0,0,0,0,0
"Steroidobacter",0,0,0,0,1e-05,0
"Woeseia",0,0,0,0,0,0
"Aquibium",0,0,0,1e-05,0,0
"Labrenzia",0,0,0,0,0,0
"Pseudovibrio",0,0,0,0,0,0
"Jiella",0,0,0,0,0,0
"Antarcticirhabdus",0,0,0,0,1e-05,0
"Pseudolabrys",0,0,0,0,1e-05,0
"Enhydrobacter",0,0,0,1e-05,0,0
"Roseitalea",0,0,0,0,0,0
"Candidatus Phaeomarinibacter",0,0,0,0,0,0
"Hartmannibacter",0,0,0,0,0,0
"Coralliovum",0,0,0,0,0,0
"Aestuariivirga",0,0,0,0,0,0
"Stakelama",0,0,0,0,0,0
"Rhizorhabdus",0,0,0,1e-05,0,0
"Alterirhizorhabdus",0,0,0,0,0,0
"Parasphingopyxis",0,0,0,0,0,0
"Dinoroseobacter",0,0,0,0,0,0
"Falsihalocynthiibacter",0,0,0,0,2e-05,0
"Pelagimonas",0,0,0,0,0,0
"Marinibacterium",0,0,0,0,0,0
"Brevirhabdus",0,0,0,0,0,0
"Silicimonas",0,0,0,0,0,0
"Pseudogemmobacter",0,0,0,0,0,0
"Qingshengfaniella",0,0,0,0,0,0
"Paroceanicella",0,0,0,0,0,0
"Haematospirillum",0,0,0,0,0,0
"Zavarzinia",0,0,0,0,1e-05,0
"Terasakiella",0,0,0,0,0,0
"Rhodopila",0,0,0,0,0,0
"Granulibacter",0,0,0,0,0,0
"Pararoseomonas",0,0,0,0,0,0
"Candidatus Kirkpatrickella",0,0,0,0,0,0
"Roseococcus",0,0,0,0,0,0
"Acidisoma",0,0,0,0,0,0
"Acidiphilium",0,0,0,0,0,0
"Marinivivus",0,0,0,0,0,0
"Hirschia",0,0,0,0,0,0
"Candidatus Bodocaedibacter",0,0,0,0,0,0
"Candidatus Nucleicultrix",0,0,0,0,0,0
"Kordiimonas",0,0,0,0,0,0
"Pararobbsia",0,0,0,0,0,0
"Verminephrobacter",0,0,0,0,0,0
"Neopusillimonas",0,0,0,1e-05,0,0
"Parapusillimonas",0,0,0,0,0,0
"Oligella",0,0,0,0,0,0
"Pollutimonas",0,0,0,0,0,0
"Ideonella",0,0,0,0,0,0
"Leptothrix",0,0,0,0,0,0
"Aquincola",0,0,0,0,0,0
"Piscinibacterium",0,0,0,0,0,0
"Eleftheria",0,0,0,0,0,0
"Candidatus Ichthyocystis",0,0,0,0,0,0
"Jeongeupia",0,0,0,0,1e-05,0
"Microvirgula",0,0,0,0,0,0
"Denitratisoma",0,0,0,1e-05,0,0
"Gallionella",0,0,0,0,0,0
"Sideroxyarcus",0,0,0,0,0,0
"Oryzomicrobium",0,0,0,0,0,0
"Ferrovum",0,0,0,0,0,0
"Sulfuriroseicoccus",0,0,0,0,0,0
"Roseibacillus",0,0,0,0,0,0
"Fontisphaera",0,0,0,0,0,0
"Lacunisphaera",0,0,0,0,0,0
"Horticoccus",0,0,0,0,0,0
"Rubellicoccus",0,0,0,0,0,0
"Maioricimonas",0,0,0,0,0,0
"Caulifigura",0,0,0,0,0,0
"Planctopirus",0,0,0,0,0,0
"Anatilimnocola",0,0,0,1e-05,0,0
"Rubripirellula",0,0,0,0,0,0
"Thermogutta",0,0,0,0,0,0
"Telmatocola",0,0,0,0,0,0
"Poriferisphaera",0,0,0,0,0,0
"Humisphaera",0,0,0,0,0,0
"Limihaloglobus",0,0,0,0,0,0
"Candidatus Velamenicoccus",0,0,0,0,0,0
"Desulfosudis",0,0,0,1e-05,1e-05,0
"Desulfotalea",0,0,0,1e-05,0,0
"Candidatus Electrothrix",0,0,0,0,0,0
"Desulfolithobacter",0,0,0,0,0,0
"Desulfobacca",0,0,0,0,0,0
"Stigmatella",0,0,0,0,0,0
"Oceanispirochaeta",0,0,0,0,0,0
"Thiospirochaeta",0,0,0,0,0,0
"Sulfonitrofixus",0,0,0,0,0,0
"Nitratifractor",0,0,0,0,0,0
"Hippea",0,0,0,0,0,0
"Alloacidobacterium",0,0,0,0,0,0
"Candidatus Korobacter",0,0,0,1e-05,0,0
"Pseudobdellovibrio",0,0,0,1e-05,0,0
"Candidatus Magnetomonas",0,0,0,0,0,0
"Endomicrobium",0,0,0,0,0,0
"Geovibrio",0,0,0,1e-05,2e-05,0
"Thermomicrobium",0,0,0,1e-05,0,0
"Sphaerobacter",0,0,0,0,0,0
"Desulfurobacterium",0,0,0,0,1e-05,0
"Dictyoglomus",0,0,0,0,0,0
"Carboxydocella",0,0,0,0,0,0
"Syntrophomonas",0,0,0,0,2e-05,0
"Candidatus Epulonipiscium",0,0,0,0,0,0
"Ammonifex",0,0,0,1e-05,0,0
"Carboxydothermus",0,0,0,0,1e-05,0
"Desulfothermobacter",0,0,0,0,0,0
"Caldanaerobacter",0,0,0,0,0,0
"Acetohalobium",0,0,0,0,0,0
"Anoxybacter",0,0,0,0,0,0
"Thermanaeromonas",0,0,0,0,0,0
"Tepidanaerobacter",0,0,0,1e-05,0,0
"Thermosediminibacter",0,0,0,1e-05,1e-05,0
"Natranaerobius",0,0,0,0,0,0
"Amylolactobacillus",0,0,0,0,0,0
"Bombilactobacillus",0,0,0,0,0,0
"Siminovitchia",0,0,0,0,0,0
"Paraperibacillus",0,0,0,0,0,0
"Salipaludibacillus",0,0,0,0,0,0
"Halalkalibacterium (ex Joshi et al. 2022)",0,0,0,0,0,0
"Thermaerobacillus",0,0,0,1e-05,0,0
"Anoxybacteroides",0,0,0,0,0,0
"Sporolactobacillus",0,0,0,0,2e-05,0
"Guptibacillus",0,0,0,0,0,0
"Microaceticoccus",0,0,0,0,0,0
"Bombiscardovia",0,0,0,0,0,0
"Aquiluna",0,0,0,0,0,0
"Subtercola",0,0,0,0,0,0
"Frondihabitans",0,0,0,0,0,0
"Aurantimicrobium",0,0,0,0,0,0
"Homoserinibacter",0,0,0,0,0,0
"Marisediminicola",0,0,0,0,0,0
"Pseudoglutamicibacter",0,0,0,0,0,0
"Oryzobacter",0,0,0,1e-05,1e-05,0
"Nostocoides",0,0,0,0,0,0
"Humibacillus",0,0,0,0,0,0
"Actinotalea",0,0,0,0,0,0
"Devriesea",0,0,0,0,0,0
"Dermacoccus",0,0,0,0,1e-05,0
"Allobranchiibius",0,0,0,0,0,0
"Luteipulveratus",0,0,0,0,0,0
"Austwickia",0,0,0,0,0,0
"Luteimicrobium",0,0,0,0,0,0
"Jonesia",0,0,0,0,0,0
"Propionimicrobium",0,0,0,1e-05,0,0
"Ammonicoccus",0,0,0,0,0,0
"Pimelobacter",0,0,0,0,1e-05,0
"Salinispora",0,0,0,0,0,0
"Scrofimicrobium",0,0,0,1e-05,0,0
"Flaviflexus",0,0,0,0,1e-05,0
"Winkia",0,0,0,0,0,0
"Changpingibacter",0,0,0,0,0,0
"Buchananella",0,0,0,0,0,0
"Crossiella",0,0,0,0,0,0
"Allokutzneria",0,0,0,0,0,0
"Angustibacter",0,0,0,1e-05,0,0
"Candidatus Spongiisocius",0,0,0,0,0,0
"Anabaena",0,0,0,0,0,0
"Acaryochloris",0,0,0,0,0,0
"Thermoleptolyngbya",0,0,0,0,0,0
"Thermocoleostomius",0,0,0,0,0,0
"Stanieria",0,0,0,0,0,0
"Thalassoporum",0,0,0,0,0,0
"Gloeomargarita",0,0,0,0,0,0
"Desertifilum",0,0,0,0,0,0
"Candidatus Lucifugimonas",0,0,0,0,0,0
"Thermobaculum",0,0,0,0,0,0
"Candidatus Brevifilum",0,0,0,0,0,0
"Caldilinea",0,0,0,0,0,0
"Fimbriimonas",0,0,0,0,0,0
"Marinithermus",0,0,0,0,0,0
"Truepera",0,0,0,0,0,0
"Candidatus Mycosynbacter",0,0,0,0,0,0
"Microvenator",0,0,0,1e-05,0,0
"Halalkaliarchaeum",0,0,0,0,0,0
"Halopenitus",0,0,0,0,0,0
"Salinigranum",0,0,0,0,0,0
"Halobellus",0,0,0,0,0,0
"Halostagnicola",0,0,0,1e-05,0,0
"Natronococcus",0,0,0,0,0,0
"Natronorubrum",0,0,0,0,0,0
"Halomarina",0,0,0,0,0,0
"Halomicrococcus",0,0,0,0,0,0
"Halorientalis",0,0,0,0,0,0
"Haloarchaeobius",0,0,0,0,0,0
"Methanofollis",0,0,0,0,0,0
"Methanoculleus",0,0,0,0,1e-05,0
"Methanosphaerula",0,0,0,0,0,0
"Methanocorpusculum",0,0,0,0,0,0
"Methanosphaera",0,0,0,0,0,0
"Archaeoglobus",0,0,0,0,0,0
"Ferroglobus",0,0,0,0,0,0
"Geoglobus",0,0,0,0,0,0
"Sulfodiicoccus",0,0,0,0,0,0
"Desulfurococcus",0,0,0,0,0,0
"Diorhovirus",0,0,0,0.00011,0,0
"Wotdevirus",0,0,0,0,0,0
"Fohxhuevirus",0,0,0,0,0,0
"Afonbuvirus",0,0,0,0.00037,1e-05,0
"Besingivirus",0,0,0,0,0,0
"Kahucivirus",0,0,0,1e-05,0,0
"Pipoluvirus",0,0,0,0,1e-05,0
"Kolpuevirus",0,0,0,0,0,0
"Mahlunavirus",0,0,0,0,0,0
"Satomivirus",0,0,0,0.00053,0,0
"Hnatkovirus",0,0,0,0,0,0
"Epseptimavirus",0,0,0,0,0,0
"Bixzunavirus",0,0,0,0,0,0
"Fengtaivirus",0,0,0,0,0,0
"Getalongvirus",0,0,0,0,0,0
"Moineauvirus",0,0,0,0,0,0
"Skogvirus",0,0,0,0,1e-05,0
"Trichovirus",0,0,0,0,0,0
"Ephemeroptericola",0,0,0,0,0,0
"Alysiella",0,0,0,0,0,0
"Sterolibacterium",0,0,0,0,1e-05,0
"Methylotenera",0,0,0,0,0,0
"Candidatus Profftella",0,0,0,0,0,0
"Ewingella",0,0,0,0,0,0
"Winslowiella",0,0,0,0,0,0
"Paramixta",0,0,0,0,0,0
"Pragia",0,0,0,0,0,0
"Pseudohongiella",0,0,0,0,0,0
"Ahniella",0,0,0,0,0,0
"Bacterioplanes",0,0,0,0,0,0
"Bermanella",0,0,0,0,0,0
"Marinicellulosiphila",0,0,0,0,0,0
"Parashewanella",0,0,0,0,1e-05,0
"Psychrobium",0,0,0,0,0,0
"Alishewanella",0,0,0,0,0,0
"Alkalimarinus",0,0,0,0,0,0
"Granulosicoccus",0,0,0,0,0,0
"Methylovulum",0,0,0,0,0,0
"Mergibacter",0,0,0,0,0,0
"Sinimarinibacterium",0,0,0,0,0,0
"Sulfurifustis",0,0,0,0,0,0
"Pseudorhizobium",0,0,0,0,1e-05,0
"Nereida",0,0,0,0,0,0
"Lentibacter",0,0,0,0,0,0
"Neotabrizicola",0,0,0,0,0,0
"Sphingosinithalassobacter",0,0,0,0,1e-05,0
"Candidatus Endolissoclinum",0,0,0,0,0,0
"Aristophania",0,0,0,0,0,0
"Candidatus Neoehrlichia",0,0,0,0,0,0
"Candidatus Cytomitobacter",0,0,0,0,0,0
"Candidatus Levibacter",0,0,0,0,0,0
"Desulfocapsa",0,0,0,0,0,0
"Stratiformator",0,0,0,0,0,0
"Rubinisphaera",0,0,0,0,0,0
"Symmachiella",0,0,0,0,0,0
"Anaerohalosphaera",0,0,0,0,0,0
"Candidatus Rhabdochlamydia",0,0,0,0,0,0
"Persephonella",0,0,0,0,1e-05,0
"Sulfurihydrogenibium",0,0,0,0,0,0
"Helicovermis",0,0,0,0,3e-05,0
"Methylomusa",0,0,0,0,0,0
"Paenalkalicoccus",0,0,0,0,1e-05,0
"Fervidibacillus",0,0,0,0,0,0
"Fodinisporobacter",0,0,0,0,0,0
"Yinghuangia",0,0,0,0,0,0
"Carbonactinospora",0,0,0,0,0,0
"Williamsia",0,0,0,0,0,0
"Humidisolicoccus",0,0,0,0,0,0
"Intrasporangium",0,0,0,0,0,0
"Barrientosiimonas",0,0,0,0,0,0
"Mobiluncus",0,0,0,0,0,0
"Natronosporangium",0,0,0,0,0,0
"Richelia",0,0,0,0,0,0
"Chlorogloeopsis",0,0,0,0,0,0
"Tolypothrix",0,0,0,0,0,0
"Gloeocapsopsis",0,0,0,0,0,0
"Crocosphaera",0,0,0,0,0,0
"Pelolinea",0,0,0,0,0,0
"Candidatus Absconditicoccus",0,0,0,0,0,0
"Candidatus Fervidibacter",0,0,0,0,0,0
"Halosolutus",0,0,0,0,0,0
"Halosegnis",0,0,0,0,0,0
"Candidatus Nanosalina",0,0,0,0,0,0
"Aeropyrum",0,0,0,0,0,0
"Candidatus Nitrosocaldus",0,0,0,0,0,0
"Conexivisphaera",0,0,0,0,0,0
"Delmidovirus",0,0,0,0,0,0
"Kanagawavirus",0,0,0,0,0,0
"Timshelvirus",0,0,0,0,0,0
"Frederiksenia",0,0,0,0,0,0
"Phytopseudomonas",0,0,0,0,0,0
"Ketobacter",0,0,0,0,0,0
"Novilysobacter",0,0,0,0,0,0
"Litorivicinus",0,0,0,0,0,0
"Marinimicrobium",0,0,0,0,0,0
"Curvibacter",0,0,0,0,0,0
"Pusillimonas",0,0,0,0,0,0
"Rugosibacter",0,0,0,0,0,0
"Chenggangzhangella",0,0,0,0,0,0
"Salinarimonas",0,0,0,0,0,0
"Aestuariibius",0,0,0,0,0,0
"Pseudophaeobacter",0,0,0,0,0,0
"Roseicitreum",0,0,0,0,0,0
"Ponticoccus",0,0,0,0,0,0
"Pseudoblastomonas",0,0,0,0,0,0
"Paramagnetospirillum",0,0,0,0,0,0
"Neoasaia",0,0,0,0,0,0
"Candidatus Nesciobacter",0,0,0,0,0,0
"Candidatus Hydrogenosomobacter",0,0,0,0,0,0
"Nicoliella",0,0,0,0,0,1e-05
"Fundicoccus",0,0,0,0,0,0
"Anaerocellum",0,0,0,0,0,0
"Okibacterium",0,0,0,0,0,0
"Allosaccharopolyspora",0,0,0,0,0,0
"Fischerella",0,0,0,0,0,0
"Halomontanus",0,0,0,0,0,0
"Natronobacterium",0,0,0,0,0,0
"Thermogladius",0,0,0,0,0,0
"Zukovirus",0,0,0,0,0,0
