candidate_id	mirna_id	target_seed_dna	hit_count
Adalimumab_HC_topk_41	ath-miR172a	AGATTCT	2
Adalimumab_HC_topk_108	ath-miR156a-5p	TCTGTCA	1
Adalimumab_HC_topk_108	ath-miR164a	TTCTCCA	1
Adalimumab_HC_topk_108	ath-miR165a-5p	ACATTCC	1
Adalimumab_HC_topk_108	ath-miR166a-5p	ACAGTCC	1
Adalimumab_HC_topk_108	ath-miR395a	ACTTCAG	1
Adalimumab_HC_topk_87	ath-miR160a-5p	CCAGGCA	1
Adalimumab_HC_topk_87	ath-miR172a	AGATTCT	1
Adalimumab_HC_topk_87	ath-miR396a-5p	TGTGGAA	1
Adalimumab_HC_topk_36	ath-miR167a-5p	AGCTTCA	1
Adalimumab_HC_topk_286	ath-miR394a	ATGCCAA	1
Adalimumab_HC_topk_286	ath-miR395a	ACTTCAG	1
Adalimumab_LC_topk_73	ath-miR156a-5p	TCTGTCA	1
Adalimumab_LC_topk_73	ath-miR157a-5p	CTGTCAA	1
Adalimumab_LC_topk_25	ath-miR166a-5p	ACAGTCC	1
Adalimumab_LC_topk_157	ath-miR157a-5p	CTGTCAA	1
Adalimumab_LC_topk_157	ath-miR159a	ATCCAAA	1
Adalimumab_LC_topk_157	ath-miR167a-5p	AGCTTCA	1
Adalimumab_LC_topk_152	ath-miR156a-5p	TCTGTCA	1
Adalimumab_LC_topk_152	ath-miR157a-5p	CTGTCAA	1
Adalimumab_LC_topk_152	ath-miR167a-5p	AGCTTCA	1
Adalimumab_LC_topk_152	ath-miR172a	AGATTCT	1
Adalimumab_LC_topk_152	ath-miR395a	ACTTCAG	1
Adalimumab_LC_topk_96	ath-miR159a	ATCCAAA	1
